ID;SET;ENV;TYPE;FEMALE;MALE;FAM;HAR;REP;BLK_REP;PLOT;GMY
1;LP1;LP;HB;F6;M5;F6M5;1;1;1;1;13777.77778
2;LP1;LP;HB;F5;M1;F5M1;1;1;1;2;11555.55556
3;LP1;LP;C;C;C;F7;1;1;1;3;13777.77778
4;LP1;LP;HB;F2;M6;F2M6;1;1;1;4;11333.33333
5;LP1;LP;HB;F7;M3;F7M3;1;1;1;5;13333.33333
6;LP1;LP;HB;F4;M3;F4M3;1;1;1;6;12222.22222
7;LP1;LP;C;C;C;M9;1;1;1;7;7777.777778
8;LP1;LP;HB;F10;M7;F10M7;1;1;1;8;13777.77778
9;LP1;LP;HB;F3;M5;F3M5;1;1;1;9;10000
10;LP1;LP;C;C;C;M8;1;1;1;10;13777.77778
11;LP1;LP;HB;F3;M4;F3M4;1;1;2;11;13111.11111
12;LP1;LP;C;C;C;T1;1;1;2;12;12444.44444
13;LP1;LP;C;C;C;M1;1;1;2;13;8444.444444
14;LP1;LP;HB;F7;M7;F7M7;1;1;2;14;13555.55556
15;LP1;LP;HB;F9;M7;F9M7;1;1;2;15;12000
16;LP1;LP;HB;F8;M1;F8M1;1;1;2;16;9555.555556
17;LP1;LP;HB;F10;M1;F10M1;1;1;2;17;11111.11111
18;LP1;LP;HB;F2;M4;F2M4;1;1;2;18;13555.55556
19;LP1;LP;HB;F9;M2;F9M2;1;1;2;19;11555.55556
20;LP1;LP;C;C;C;F5;1;1;2;20;17777.77778
21;LP1;LP;HB;F2;M9;F2M9;1;1;3;21;12666.66667
22;LP1;LP;HB;F10;M2;F10M2;1;1;3;22;15333.33333
23;LP1;LP;HB;F4;M4;F4M4;1;1;3;23;11333.33333
24;LP1;LP;C;C;C;T3;1;1;3;24;13777.77778
25;LP1;LP;C;C;C;T4;1;1;3;25;14000
26;LP1;LP;HB;F5;M7;F5M7;1;1;3;26;8444.444444
27;LP1;LP;HB;F8;M2;F8M2;1;1;3;27;13777.77778
28;LP1;LP;HB;F3;M7;F3M7;1;1;3;28;10000
29;LP1;LP;C;C;C;F10;1;1;3;29;13333.33333
30;LP1;LP;HB;F4;M5;F4M5;1;1;3;30;8222.222222
31;LP1;LP;HB;F8;M7;F8M7;1;1;4;31;11333.33333
32;LP1;LP;HB;F9;M10;F9M10;1;1;4;32;12222.22222
33;LP1;LP;HB;F1;M7;F1M7;1;1;4;33;10000
34;LP1;LP;C;C;C;F4;1;1;4;34;11111.11111
35;LP1;LP;HB;F6;M6;F6M6;1;1;4;35;11111.11111
36;LP1;LP;HB;F7;M4;F7M4;1;1;4;36;11111.11111
37;LP1;LP;HB;F1;M2;F1M2;1;1;4;37;14888.88889
38;LP1;LP;HB;F8;M5;F8M5;1;1;4;38;11111.11111
39;LP1;LP;HB;F1;M4;F1M4;1;1;4;39;15555.55556
40;LP1;LP;HB;F1;M6;F1M6;1;1;4;40;20888.88889
41;LP1;LP;C;C;C;M7;1;1;5;41;16000
42;LP1;LP;HB;F5;M10;F5M10;1;1;5;42;17333.33333
43;LP1;LP;HB;F6;M3;F6M3;1;1;5;43;12666.66667
44;LP1;LP;HB;F9;M5;F9M5;1;1;5;44;11777.77778
45;LP1;LP;HB;F1;M1;F1M1;1;1;5;45;8666.666667
46;LP1;LP;C;C;C;M3;1;1;5;46;9333.333333
47;LP1;LP;HB;F4;M2;F4M2;1;1;5;47;12000
48;LP1;LP;HB;F10;M3;F10M3;1;1;5;48;13777.77778
49;LP1;LP;HB;F9;M4;F9M4;1;1;5;49;11333.33333
50;LP1;LP;HB;F7;M2;F7M2;1;1;5;50;12000
51;LP1;LP;HB;F2;M2;F2M2;1;1;6;51;12444.44444
52;LP1;LP;C;C;C;M5;1;1;6;52;11777.77778
53;LP1;LP;HB;F1;M3;F1M3;1;1;6;53;9777.777778
54;LP1;LP;HB;F1;M8;F1M8;1;1;6;54;12444.44444
55;LP1;LP;HB;F10;M6;F10M6;1;1;6;55;11555.55556
56;LP1;LP;C;C;C;T2;1;1;6;56;14888.88889
57;LP1;LP;HB;F4;M8;F4M8;1;1;6;57;12888.88889
58;LP1;LP;HB;F2;M7;F2M7;1;1;6;58;13555.55556
59;LP1;LP;HB;F2;M5;F2M5;1;1;6;59;6222.222222
60;LP1;LP;HB;F3;M9;F3M9;1;1;6;60;16222.22222
61;LP1;LP;HB;F10;M5;F10M5;1;1;7;61;11555.55556
62;LP1;LP;HB;F9;M3;F9M3;1;1;7;62;12444.44444
63;LP1;LP;HB;F7;M5;F7M5;1;1;7;63;9777.777778
64;LP1;LP;HB;F1;M10;F1M10;1;1;7;64;14666.66667
65;LP1;LP;HB;F7;M10;F7M10;1;1;7;65;15333.33333
66;LP1;LP;C;C;C;F9;1;1;7;66;7777.777778
67;LP1;LP;HB;F4;M7;F4M7;1;1;7;67;10666.66667
68;LP1;LP;C;C;C;M4;1;1;7;68;13333.33333
69;LP1;LP;HB;F6;M7;F6M7;1;1;7;69;12222.22222
70;LP1;LP;HB;F9;M6;F9M6;1;1;7;70;8666.666667
71;LP1;LP;HB;F8;M6;F8M6;1;1;8;71;10000
72;LP1;LP;C;C;C;F6;1;1;8;72;8222.222222
73;LP1;LP;HB;F5;M9;F5M9;1;1;8;73;10444.44444
74;LP1;LP;HB;F5;M5;F5M5;1;1;8;74;11555.55556
75;LP1;LP;HB;F10;M8;F10M8;1;1;8;75;10666.66667
76;LP1;LP;HB;F6;M2;F6M2;1;1;8;76;11555.55556
77;LP1;LP;HB;F10;M4;F10M4;1;1;8;77;15111.11111
78;LP1;LP;C;C;C;F2;1;1;8;78;11777.77778
79;LP1;LP;HB;F7;M1;F7M1;1;1;8;79;11555.55556
80;LP1;LP;HB;F3;M3;F3M3;1;1;8;80;13777.77778
81;LP1;LP;HB;F5;M3;F5M3;1;1;9;81;16222.22222
82;LP1;LP;HB;F5;M6;F5M6;1;1;9;82;12222.22222
83;LP1;LP;HB;F1;M5;F1M5;1;1;9;83;11111.11111
84;LP1;LP;HB;F9;M1;F9M1;1;1;9;84;11777.77778
85;LP1;LP;HB;F7;M6;F7M6;1;1;9;85;11333.33333
86;LP1;LP;HB;F8;M10;F8M10;1;1;9;86;11777.77778
87;LP1;LP;HB;F5;M2;F5M2;1;1;9;87;10444.44444
88;LP1;LP;C;C;C;M10;1;1;9;88;11555.55556
89;LP1;LP;C;C;C;F3;1;1;9;89;10444.44444
90;LP1;LP;HB;F10;M10;F10M10;1;1;9;90;10888.88889
91;LP1;LP;HB;F6;M4;F6M4;1;1;10;91;12000
92;LP1;LP;C;C;C;M6;1;1;10;92;10444.44444
93;LP1;LP;HB;F5;M8;F5M8;1;1;10;93;9111.111111
94;LP1;LP;C;C;C;F8;1;1;10;94;6222.222222
95;LP1;LP;C;C;C;F1;1;1;10;95;8444.444444
96;LP1;LP;HB;F2;M8;F2M8;1;1;10;96;9555.555556
97;LP1;LP;HB;F8;M3;F8M3;1;1;10;97;10444.44444
98;LP1;LP;HB;F8;M8;F8M8;1;1;10;98;7777.777778
99;LP1;LP;HB;F2;M3;F2M3;1;1;10;99;11777.77778
100;LP1;LP;HB;F3;M2;F3M2;1;1;10;100;12222.22222
101;LP1;LP;HB;F5;M4;F5M4;1;1;11;101;16444.44444
102;LP1;LP;HB;F6;M1;F6M1;1;1;11;102;12000
103;LP1;LP;HB;F4;M10;F4M10;1;1;11;103;11333.33333
104;LP1;LP;HB;F4;M6;F4M6;1;1;11;104;14444.44444
105;LP1;LP;HB;F7;M8;F7M8;1;1;11;105;10222.22222
106;LP1;LP;HB;F8;M4;F8M4;1;1;11;106;14000
107;LP1;LP;HB;F6;M8;F6M8;1;1;11;107;8888.888889
108;LP1;LP;HB;F3;M6;F3M6;1;1;11;108;9777.777778
109;LP1;LP;HB;F9;M8;F9M8;1;1;11;109;10000
110;LP1;LP;C;C;C;M2;1;1;11;110;10444.44444
111;LP1;LP;HB;F6;M8;F6M8;1;2;1;111;8888.888889
112;LP1;LP;HB;F5;M3;F5M3;1;2;1;112;8666.666667
113;LP1;LP;HB;F2;M7;F2M7;1;2;1;113;14444.44444
114;LP1;LP;HB;F2;M3;F2M3;1;2;1;114;10000
115;LP1;LP;HB;F5;M1;F5M1;1;2;1;115;14666.66667
116;LP1;LP;C;C;C;M7;1;2;1;116;14000
117;LP1;LP;C;C;C;T3;1;2;1;117;14000
118;LP1;LP;C;C;C;F6;1;2;1;118;7777.777778
119;LP1;LP;C;C;C;T1;1;2;1;119;12222.22222
120;LP1;LP;C;C;C;F9;1;2;1;120;7555.555556
121;LP1;LP;HB;F7;M5;F7M5;1;2;2;121;6222.222222
122;LP1;LP;HB;F5;M2;F5M2;1;2;2;122;10222.22222
123;LP1;LP;HB;F7;M3;F7M3;1;2;2;123;9333.333333
124;LP1;LP;HB;F7;M7;F7M7;1;2;2;124;8666.666667
125;LP1;LP;HB;F4;M10;F4M10;1;2;2;125;10444.44444
126;LP1;LP;HB;F1;M2;F1M2;1;2;2;126;12444.44444
127;LP1;LP;HB;F4;M8;F4M8;1;2;2;127;9555.555556
128;LP1;LP;HB;F2;M9;F2M9;1;2;2;128;8444.444444
129;LP1;LP;HB;F6;M2;F6M2;1;2;2;129;4444.444444
130;LP1;LP;C;C;C;F8;1;2;2;130;11777.77778
131;LP1;LP;C;C;C;M3;1;2;3;131;10222.22222
132;LP1;LP;C;C;C;M4;1;2;3;132;11333.33333
133;LP1;LP;C;C;C;M6;1;2;3;133;12222.22222
134;LP1;LP;HB;F5;M7;F5M7;1;2;3;134;14222.22222
135;LP1;LP;C;C;C;F3;1;2;3;135;12222.22222
136;LP1;LP;C;C;C;F4;1;2;3;136;12000
137;LP1;LP;HB;F3;M9;F3M9;1;2;3;137;10666.66667
138;LP1;LP;C;C;C;M2;1;2;3;138;11555.55556
139;LP1;LP;C;C;C;M8;1;2;3;139;14000
140;LP1;LP;HB;F2;M4;F2M4;1;2;3;140;10000
141;LP1;LP;HB;F2;M2;F2M2;1;2;4;141;12000
142;LP1;LP;HB;F4;M4;F4M4;1;2;4;142;10888.88889
143;LP1;LP;HB;F9;M8;F9M8;1;2;4;143;8888.888889
144;LP1;LP;HB;F7;M6;F7M6;1;2;4;144;10888.88889
145;LP1;LP;C;C;C;F7;1;2;4;145;11111.11111
146;LP1;LP;HB;F6;M4;F6M4;1;2;4;146;14222.22222
147;LP1;LP;HB;F10;M1;F10M1;1;2;4;147;11333.33333
148;LP1;LP;HB;F9;M4;F9M4;1;2;4;148;10888.88889
149;LP1;LP;HB;F1;M4;F1M4;1;2;4;149;10222.22222
150;LP1;LP;C;C;C;F2;1;2;4;150;11333.33333
151;LP1;LP;C;C;C;M10;1;2;5;151;13111.11111
152;LP1;LP;HB;F7;M4;F7M4;1;2;5;152;10888.88889
153;LP1;LP;HB;F10;M4;F10M4;1;2;5;153;12666.66667
154;LP1;LP;C;C;C;F10;1;2;5;154;9111.111111
155;LP1;LP;C;C;C;T2;1;2;5;155;13555.55556
156;LP1;LP;HB;F8;M3;F8M3;1;2;5;156;12666.66667
157;LP1;LP;HB;F6;M5;F6M5;1;2;5;157;10444.44444
158;LP1;LP;HB;F9;M5;F9M5;1;2;5;158;3555.555556
159;LP1;LP;HB;F1;M10;F1M10;1;2;5;159;8888.888889
160;LP1;LP;C;C;C;F5;1;2;5;160;12888.88889
161;LP1;LP;HB;F3;M6;F3M6;1;2;6;161;9333.333333
162;LP1;LP;HB;F10;M6;F10M6;1;2;6;162;9333.333333
163;LP1;LP;HB;F3;M4;F3M4;1;2;6;163;8000
164;LP1;LP;HB;F5;M8;F5M8;1;2;6;164;10666.66667
165;LP1;LP;HB;F6;M3;F6M3;1;2;6;165;9777.777778
166;LP1;LP;HB;F5;M5;F5M5;1;2;6;166;9555.555556
167;LP1;LP;HB;F1;M5;F1M5;1;2;6;167;10000
168;LP1;LP;HB;F2;M6;F2M6;1;2;6;168;9555.555556
169;LP1;LP;HB;F6;M7;F6M7;1;2;6;169;9333.333333
170;LP1;LP;HB;F6;M6;F6M6;1;2;6;170;12222.22222
171;LP1;LP;HB;F10;M3;F10M3;1;2;7;171;9555.555556
172;LP1;LP;HB;F8;M8;F8M8;1;2;7;172;8666.666667
173;LP1;LP;HB;F10;M8;F10M8;1;2;7;173;12222.22222
174;LP1;LP;HB;F10;M5;F10M5;1;2;7;174;7777.777778
175;LP1;LP;HB;F2;M5;F2M5;1;2;7;175;7333.333333
176;LP1;LP;HB;F8;M5;F8M5;1;2;7;176;11111.11111
177;LP1;LP;HB;F9;M2;F9M2;1;2;7;177;12444.44444
178;LP1;LP;C;C;C;T4;1;2;7;178;11777.77778
179;LP1;LP;HB;F4;M6;F4M6;1;2;7;179;11111.11111
180;LP1;LP;HB;F3;M5;F3M5;1;2;7;180;6222.222222
181;LP1;LP;HB;F9;M1;F9M1;1;2;8;181;8000
182;LP1;LP;HB;F4;M5;F4M5;1;2;8;182;7333.333333
183;LP1;LP;HB;F9;M6;F9M6;1;2;8;183;9777.777778
184;LP1;LP;HB;F1;M7;F1M7;1;2;8;184;9111.111111
185;LP1;LP;C;C;C;M5;1;2;8;185;6444.444444
186;LP1;LP;HB;F5;M9;F5M9;1;2;8;186;8444.444444
187;LP1;LP;HB;F6;M1;F6M1;1;2;8;187;8666.666667
188;LP1;LP;C;C;C;M9;1;2;8;188;9777.777778
189;LP1;LP;C;C;C;F1;1;2;8;189;7111.111111
190;LP1;LP;HB;F4;M2;F4M2;1;2;8;190;8444.444444
191;LP1;LP;HB;F5;M6;F5M6;1;2;9;191;8666.666667
192;LP1;LP;HB;F4;M3;F4M3;1;2;9;192;7555.555556
193;LP1;LP;HB;F1;M6;F1M6;1;2;9;193;11777.77778
194;LP1;LP;HB;F8;M4;F8M4;1;2;9;194;8444.444444
195;LP1;LP;HB;F8;M6;F8M6;1;2;9;195;9555.555556
196;LP1;LP;HB;F9;M7;F9M7;1;2;9;196;8444.444444
197;LP1;LP;HB;F3;M2;F3M2;1;2;9;197;8444.444444
198;LP1;LP;HB;F1;M1;F1M1;1;2;9;198;9555.555556
199;LP1;LP;HB;F10;M2;F10M2;1;2;9;199;12666.66667
200;LP1;LP;HB;F7;M10;F7M10;1;2;9;200;10888.88889
201;LP1;LP;HB;F2;M8;F2M8;1;2;10;201;13111.11111
202;LP1;LP;HB;F9;M3;F9M3;1;2;10;202;10000
203;LP1;LP;HB;F7;M1;F7M1;1;2;10;203;9555.555556
204;LP1;LP;HB;F7;M8;F7M8;1;2;10;204;6666.666667
205;LP1;LP;HB;F9;M10;F9M10;1;2;10;205;8888.888889
206;LP1;LP;HB;F8;M2;F8M2;1;2;10;206;9111.111111
207;LP1;LP;HB;F1;M3;F1M3;1;2;10;207;9333.333333
208;LP1;LP;HB;F8;M10;F8M10;1;2;10;208;6444.444444
209;LP1;LP;HB;F7;M2;F7M2;1;2;10;209;11333.33333
210;LP1;LP;HB;F8;M1;F8M1;1;2;10;210;8666.666667
211;LP1;LP;HB;F5;M10;F5M10;1;2;11;211;8222.222222
212;LP1;LP;HB;F3;M3;F3M3;1;2;11;212;7333.333333
213;LP1;LP;HB;F1;M8;F1M8;1;2;11;213;8222.222222
214;LP1;LP;HB;F10;M7;F10M7;1;2;11;214;10444.44444
215;LP1;LP;HB;F10;M10;F10M10;1;2;11;215;12222.22222
216;LP1;LP;HB;F8;M7;F8M7;1;2;11;216;10888.88889
217;LP1;LP;HB;F3;M7;F3M7;1;2;11;217;8666.666667
218;LP1;LP;HB;F5;M4;F5M4;1;2;11;218;10666.66667
219;LP1;LP;HB;F4;M7;F4M7;1;2;11;219;12222.22222
220;LP1;LP;C;C;C;M1;1;2;11;220;9111.111111
221;LP1;LP;HB;F8;M2;F8M2;1;3;1;221;8222.222222
222;LP1;LP;HB;F4;M2;F4M2;1;3;1;222;7777.777778
223;LP1;LP;HB;F5;M8;F5M8;1;3;1;223;8666.666667
224;LP1;LP;HB;F1;M4;F1M4;1;3;1;224;10222.22222
225;LP1;LP;C;C;C;F9;1;3;1;225;8444.444444
226;LP1;LP;HB;F8;M6;F8M6;1;3;1;226;8444.444444
227;LP1;LP;HB;F3;M5;F3M5;1;3;1;227;7777.777778
228;LP1;LP;HB;F3;M9;F3M9;1;3;1;228;8444.444444
229;LP1;LP;HB;F10;M10;F10M10;1;3;1;229;8888.888889
230;LP1;LP;HB;F7;M7;F7M7;1;3;1;230;8000
231;LP1;LP;C;C;C;M6;1;3;2;231;7777.777778
232;LP1;LP;HB;F5;M6;F5M6;1;3;2;232;8000
233;LP1;LP;C;C;C;F10;1;3;2;233;8666.666667
234;LP1;LP;HB;F8;M5;F8M5;1;3;2;234;5777.777778
235;LP1;LP;HB;F3;M3;F3M3;1;3;2;235;9111.111111
236;LP1;LP;C;C;C;M5;1;3;2;236;6666.666667
237;LP1;LP;HB;F3;M6;F3M6;1;3;2;237;8888.888889
238;LP1;LP;HB;F7;M3;F7M3;1;3;2;238;8222.222222
239;LP1;LP;HB;F7;M2;F7M2;1;3;2;239;8666.666667
240;LP1;LP;C;C;C;T1;1;3;2;240;9777.777778
241;LP1;LP;HB;F2;M3;F2M3;1;3;3;241;11111.11111
242;LP1;LP;HB;F7;M5;F7M5;1;3;3;242;7111.111111
243;LP1;LP;HB;F9;M5;F9M5;1;3;3;243;6444.444444
244;LP1;LP;HB;F8;M1;F8M1;1;3;3;244;6888.888889
245;LP1;LP;HB;F8;M7;F8M7;1;3;3;245;7333.333333
246;LP1;LP;HB;F10;M2;F10M2;1;3;3;246;7777.777778
247;LP1;LP;HB;F10;M6;F10M6;1;3;3;247;7111.111111
248;LP1;LP;C;C;C;M9;1;3;3;248;5111.111111
249;LP1;LP;C;C;C;F2;1;3;3;249;7111.111111
250;LP1;LP;C;C;C;M2;1;3;3;250;8666.666667
251;LP1;LP;HB;F2;M5;F2M5;1;3;4;251;4222.222222
252;LP1;LP;C;C;C;M7;1;3;4;252;7333.333333
253;LP1;LP;HB;F9;M8;F9M8;1;3;4;253;7555.555556
254;LP1;LP;HB;F10;M7;F10M7;1;3;4;254;7555.555556
255;LP1;LP;HB;F1;M2;F1M2;1;3;4;255;8666.666667
256;LP1;LP;HB;F3;M2;F3M2;1;3;4;256;10444.44444
257;LP1;LP;HB;F3;M4;F3M4;1;3;4;257;6666.666667
258;LP1;LP;HB;F8;M10;F8M10;1;3;4;258;10222.22222
259;LP1;LP;HB;F4;M5;F4M5;1;3;4;259;8000
260;LP1;LP;HB;F1;M10;F1M10;1;3;4;260;13333.33333
261;LP1;LP;HB;F6;M3;F6M3;1;3;5;261;12666.66667
262;LP1;LP;HB;F9;M10;F9M10;1;3;5;262;14222.22222
263;LP1;LP;C;C;C;M4;1;3;5;263;9777.777778
264;LP1;LP;HB;F5;M4;F5M4;1;3;5;264;10888.88889
265;LP1;LP;HB;F9;M2;F9M2;1;3;5;265;7777.777778
266;LP1;LP;HB;F8;M3;F8M3;1;3;5;266;12666.66667
267;LP1;LP;HB;F6;M2;F6M2;1;3;5;267;10000
268;LP1;LP;HB;F9;M1;F9M1;1;3;5;268;8222.222222
269;LP1;LP;HB;F5;M1;F5M1;1;3;5;269;6000
270;LP1;LP;HB;F4;M4;F4M4;1;3;5;270;7777.777778
271;LP1;LP;HB;F6;M8;F6M8;1;3;6;271;3111.111111
272;LP1;LP;HB;F1;M7;F1M7;1;3;6;272;6444.444444
273;LP1;LP;HB;F5;M10;F5M10;1;3;6;273;8888.888889
274;LP1;LP;HB;F7;M10;F7M10;1;3;6;274;10666.66667
275;LP1;LP;HB;F2;M2;F2M2;1;3;6;275;10888.88889
276;LP1;LP;HB;F1;M5;F1M5;1;3;6;276;12444.44444
277;LP1;LP;C;C;C;T4;1;3;6;277;10666.66667
278;LP1;LP;HB;F10;M4;F10M4;1;3;6;278;10000
279;LP1;LP;C;C;C;F8;1;3;6;279;6000
280;LP1;LP;HB;F2;M4;F2M4;1;3;6;280;14888.88889
281;LP1;LP;HB;F6;M5;F6M5;1;3;7;281;11555.55556
282;LP1;LP;HB;F8;M8;F8M8;1;3;7;282;8888.888889
283;LP1;LP;HB;F5;M5;F5M5;1;3;7;283;7555.555556
284;LP1;LP;HB;F5;M3;F5M3;1;3;7;284;8000
285;LP1;LP;HB;F1;M8;F1M8;1;3;7;285;8444.444444
286;LP1;LP;HB;F5;M7;F5M7;1;3;7;286;8222.222222
287;LP1;LP;HB;F9;M6;F9M6;1;3;7;287;9777.777778
288;LP1;LP;HB;F1;M6;F1M6;1;3;7;288;8888.888889
289;LP1;LP;HB;F10;M1;F10M1;1;3;7;289;7555.555556
290;LP1;LP;HB;F7;M8;F7M8;1;3;7;290;4444.444444
291;LP1;LP;HB;F2;M8;F2M8;1;3;8;291;5555.555556
292;LP1;LP;HB;F6;M7;F6M7;1;3;8;292;6222.222222
293;LP1;LP;C;C;C;F6;1;3;8;293;10000
294;LP1;LP;C;C;C;F4;1;3;8;294;7333.333333
295;LP1;LP;C;C;C;F7;1;3;8;295;11333.33333
296;LP1;LP;HB;F4;M6;F4M6;1;3;8;296;9555.555556
297;LP1;LP;HB;F3;M7;F3M7;1;3;8;297;9333.333333
298;LP1;LP;HB;F4;M8;F4M8;1;3;8;298;8222.222222
299;LP1;LP;C;C;C;M10;1;3;8;299;15333.33333
300;LP1;LP;HB;F1;M1;F1M1;1;3;8;300;12888.88889
301;LP1;LP;C;C;C;M1;1;3;9;301;12444.44444
302;LP1;LP;HB;F8;M4;F8M4;1;3;9;302;11555.55556
303;LP1;LP;HB;F2;M9;F2M9;1;3;9;303;8222.222222
304;LP1;LP;HB;F9;M3;F9M3;1;3;9;304;11111.11111
305;LP1;LP;C;C;C;F3;1;3;9;305;6888.888889
306;LP1;LP;C;C;C;F1;1;3;9;306;8666.666667
307;LP1;LP;HB;F10;M8;F10M8;1;3;9;307;10222.22222
308;LP1;LP;HB;F9;M4;F9M4;1;3;9;308;8666.666667
309;LP1;LP;C;C;C;T2;1;3;9;309;10888.88889
310;LP1;LP;HB;F2;M6;F2M6;1;3;9;310;6666.666667
311;LP1;LP;HB;F9;M7;F9M7;1;3;10;311;9111.111111
312;LP1;LP;HB;F6;M4;F6M4;1;3;10;312;8222.222222
313;LP1;LP;HB;F5;M2;F5M2;1;3;10;313;12000
314;LP1;LP;HB;F2;M7;F2M7;1;3;10;314;11777.77778
315;LP1;LP;HB;F10;M3;F10M3;1;3;10;315;12444.44444
316;LP1;LP;HB;F4;M7;F4M7;1;3;10;316;7555.555556
317;LP1;LP;HB;F7;M1;F7M1;1;3;10;317;7777.777778
318;LP1;LP;C;C;C;M8;1;3;10;318;11111.11111
319;LP1;LP;HB;F6;M1;F6M1;1;3;10;319;12666.66667
320;LP1;LP;HB;F7;M4;F7M4;1;3;10;320;16666.66667
321;LP1;LP;HB;F4;M3;F4M3;1;3;11;321;17777.77778
322;LP1;LP;HB;F1;M3;F1M3;1;3;11;322;12222.22222
323;LP1;LP;HB;F4;M10;F4M10;1;3;11;323;12666.66667
324;LP1;LP;C;C;C;F5;1;3;11;324;8222.222222
325;LP1;LP;HB;F10;M5;F10M5;1;3;11;325;8222.222222
326;LP1;LP;HB;F5;M9;F5M9;1;3;11;326;13333.33333
327;LP1;LP;HB;F6;M6;F6M6;1;3;11;327;14222.22222
328;LP1;LP;HB;F7;M6;F7M6;1;3;11;328;8888.888889
329;LP1;LP;C;C;C;M3;1;3;11;329;7777.777778
330;LP1;LP;C;C;C;T3;1;3;11;330;14666.66667
331;LP2;LP;HB;F6;M5;F6M5;2;1;1;1;10888.88889
332;LP2;LP;HB;F5;M1;F5M1;2;1;1;2;13333.33333
333;LP2;LP;C;C;C;F7;2;1;1;3;13111.11111
334;LP2;LP;HB;F2;M6;F2M6;2;1;1;4;9555.555556
335;LP2;LP;HB;F7;M3;F7M3;2;1;1;5;11111.11111
336;LP2;LP;HB;F4;M3;F4M3;2;1;1;6;10666.66667
337;LP2;LP;C;C;C;M9;2;1;1;7;9111.111111
338;LP2;LP;HB;F10;M7;F10M7;2;1;1;8;10888.88889
339;LP2;LP;HB;F3;M5;F3M5;2;1;1;9;7333.333333
340;LP2;LP;C;C;C;M8;2;1;1;10;15333.33333
341;LP2;LP;HB;F3;M4;F3M4;2;1;2;11;10444.44444
342;LP2;LP;C;C;C;T1;2;1;2;12;16666.66667
343;LP2;LP;C;C;C;M1;2;1;2;13;7555.555556
344;LP2;LP;HB;F7;M7;F7M7;2;1;2;14;12888.88889
345;LP2;LP;HB;F9;M7;F9M7;2;1;2;15;10222.22222
346;LP2;LP;HB;F8;M1;F8M1;2;1;2;16;8888.888889
347;LP2;LP;HB;F10;M1;F10M1;2;1;2;17;10444.44444
348;LP2;LP;HB;F2;M4;F2M4;2;1;2;18;12888.88889
349;LP2;LP;HB;F9;M2;F9M2;2;1;2;19;13333.33333
350;LP2;LP;C;C;C;F5;2;1;2;20;19333.33333
351;LP2;LP;HB;F2;M9;F2M9;2;1;3;21;10222.22222
352;LP2;LP;HB;F10;M2;F10M2;2;1;3;22;16888.88889
353;LP2;LP;HB;F4;M4;F4M4;2;1;3;23;14222.22222
354;LP2;LP;C;C;C;T3;2;1;3;24;8888.888889
355;LP2;LP;C;C;C;T4;2;1;3;25;15777.77778
356;LP2;LP;HB;F5;M7;F5M7;2;1;3;26;12444.44444
357;LP2;LP;HB;F8;M2;F8M2;2;1;3;27;14000
358;LP2;LP;HB;F3;M7;F3M7;2;1;3;28;10444.44444
359;LP2;LP;C;C;C;F10;2;1;3;29;12888.88889
360;LP2;LP;HB;F4;M5;F4M5;2;1;3;30;8666.666667
361;LP2;LP;HB;F8;M7;F8M7;2;1;4;31;11555.55556
362;LP2;LP;HB;F9;M10;F9M10;2;1;4;32;14000
363;LP2;LP;HB;F1;M7;F1M7;2;1;4;33;8666.666667
364;LP2;LP;C;C;C;F4;2;1;4;34;12222.22222
365;LP2;LP;HB;F6;M6;F6M6;2;1;4;35;12222.22222
366;LP2;LP;HB;F7;M4;F7M4;2;1;4;36;12444.44444
367;LP2;LP;HB;F1;M2;F1M2;2;1;4;37;15777.77778
368;LP2;LP;HB;F8;M5;F8M5;2;1;4;38;12888.88889
369;LP2;LP;HB;F1;M4;F1M4;2;1;4;39;18666.66667
370;LP2;LP;HB;F1;M6;F1M6;2;1;4;40;20666.66667
371;LP2;LP;C;C;C;M7;2;1;5;41;22000
372;LP2;LP;HB;F5;M10;F5M10;2;1;5;42;18666.66667
373;LP2;LP;HB;F6;M3;F6M3;2;1;5;43;12888.88889
374;LP2;LP;HB;F9;M5;F9M5;2;1;5;44;8000
375;LP2;LP;HB;F1;M1;F1M1;2;1;5;45;10444.44444
376;LP2;LP;C;C;C;M3;2;1;5;46;15555.55556
377;LP2;LP;HB;F4;M2;F4M2;2;1;5;47;14666.66667
378;LP2;LP;HB;F10;M3;F10M3;2;1;5;48;13333.33333
379;LP2;LP;HB;F9;M4;F9M4;2;1;5;49;12666.66667
380;LP2;LP;HB;F7;M2;F7M2;2;1;5;50;13333.33333
381;LP2;LP;HB;F2;M2;F2M2;2;1;6;51;10444.44444
382;LP2;LP;C;C;C;M5;2;1;6;52;12222.22222
383;LP2;LP;HB;F1;M3;F1M3;2;1;6;53;10666.66667
384;LP2;LP;HB;F1;M8;F1M8;2;1;6;54;15111.11111
385;LP2;LP;HB;F10;M6;F10M6;2;1;6;55;12000
386;LP2;LP;C;C;C;T2;2;1;6;56;7333.333333
387;LP2;LP;HB;F4;M8;F4M8;2;1;6;57;12222.22222
388;LP2;LP;HB;F2;M7;F2M7;2;1;6;58;9777.777778
389;LP2;LP;HB;F2;M5;F2M5;2;1;6;59;3777.777778
390;LP2;LP;HB;F3;M9;F3M9;2;1;6;60;8888.888889
391;LP2;LP;HB;F10;M5;F10M5;2;1;7;61;10888.88889
392;LP2;LP;HB;F9;M3;F9M3;2;1;7;62;14222.22222
393;LP2;LP;HB;F7;M5;F7M5;2;1;7;63;10444.44444
394;LP2;LP;HB;F1;M10;F1M10;2;1;7;64;14222.22222
395;LP2;LP;HB;F7;M10;F7M10;2;1;7;65;14222.22222
396;LP2;LP;C;C;C;F9;2;1;7;66;12000
397;LP2;LP;HB;F4;M7;F4M7;2;1;7;67;9777.777778
398;LP2;LP;C;C;C;M4;2;1;7;68;20444.44444
399;LP2;LP;HB;F6;M7;F6M7;2;1;7;69;10000
400;LP2;LP;HB;F9;M6;F9M6;2;1;7;70;12444.44444
401;LP2;LP;HB;F8;M6;F8M6;2;1;8;71;10222.22222
402;LP2;LP;C;C;C;F6;2;1;8;72;7777.777778
403;LP2;LP;HB;F5;M9;F5M9;2;1;8;73;11111.11111
404;LP2;LP;HB;F5;M5;F5M5;2;1;8;74;12000
405;LP2;LP;HB;F10;M8;F10M8;2;1;8;75;9777.777778
406;LP2;LP;HB;F6;M2;F6M2;2;1;8;76;14888.88889
407;LP2;LP;HB;F10;M4;F10M4;2;1;8;77;14222.22222
408;LP2;LP;C;C;C;F2;2;1;8;78;5555.555556
409;LP2;LP;HB;F7;M1;F7M1;2;1;8;79;10444.44444
410;LP2;LP;HB;F3;M3;F3M3;2;1;8;80;10666.66667
411;LP2;LP;HB;F5;M3;F5M3;2;1;9;81;17111.11111
412;LP2;LP;HB;F5;M6;F5M6;2;1;9;82;12888.88889
413;LP2;LP;HB;F1;M5;F1M5;2;1;9;83;13111.11111
414;LP2;LP;HB;F9;M1;F9M1;2;1;9;84;10666.66667
415;LP2;LP;HB;F7;M6;F7M6;2;1;9;85;12666.66667
416;LP2;LP;HB;F8;M10;F8M10;2;1;9;86;10222.22222
417;LP2;LP;HB;F5;M2;F5M2;2;1;9;87;15111.11111
418;LP2;LP;C;C;C;M10;2;1;9;88;13333.33333
419;LP2;LP;C;C;C;F3;2;1;9;89;6666.666667
420;LP2;LP;HB;F10;M10;F10M10;2;1;9;90;11777.77778
421;LP2;LP;HB;F6;M4;F6M4;2;1;10;91;10000
422;LP2;LP;C;C;C;M6;2;1;10;92;9111.111111
423;LP2;LP;HB;F5;M8;F5M8;2;1;10;93;8222.222222
424;LP2;LP;C;C;C;F8;2;1;10;94;6444.444444
425;LP2;LP;C;C;C;F1;2;1;10;95;9555.555556
426;LP2;LP;HB;F2;M8;F2M8;2;1;10;96;8000
427;LP2;LP;HB;F8;M3;F8M3;2;1;10;97;12000
428;LP2;LP;HB;F8;M8;F8M8;2;1;10;98;12666.66667
429;LP2;LP;HB;F2;M3;F2M3;2;1;10;99;10666.66667
430;LP2;LP;HB;F3;M2;F3M2;2;1;10;100;9777.777778
431;LP2;LP;HB;F5;M4;F5M4;2;1;11;101;16888.88889
432;LP2;LP;HB;F6;M1;F6M1;2;1;11;102;12888.88889
433;LP2;LP;HB;F4;M10;F4M10;2;1;11;103;12000
434;LP2;LP;HB;F4;M6;F4M6;2;1;11;104;11333.33333
435;LP2;LP;HB;F7;M8;F7M8;2;1;11;105;11777.77778
436;LP2;LP;HB;F8;M4;F8M4;2;1;11;106;11111.11111
437;LP2;LP;HB;F6;M8;F6M8;2;1;11;107;13333.33333
438;LP2;LP;HB;F3;M6;F3M6;2;1;11;108;7777.777778
439;LP2;LP;HB;F9;M8;F9M8;2;1;11;109;9333.333333
440;LP2;LP;C;C;C;M2;2;1;11;110;12888.88889
441;LP2;LP;HB;F6;M8;F6M8;2;2;1;111;8000
442;LP2;LP;HB;F5;M3;F5M3;2;2;1;112;6666.666667
443;LP2;LP;HB;F2;M7;F2M7;2;2;1;113;12444.44444
444;LP2;LP;HB;F2;M3;F2M3;2;2;1;114;7111.111111
445;LP2;LP;HB;F5;M1;F5M1;2;2;1;115;11555.55556
446;LP2;LP;C;C;C;M7;2;2;1;116;15555.55556
447;LP2;LP;C;C;C;T3;2;2;1;117;7555.555556
448;LP2;LP;C;C;C;F6;2;2;1;118;11555.55556
449;LP2;LP;C;C;C;T1;2;2;1;119;15555.55556
450;LP2;LP;C;C;C;F9;2;2;1;120;12444.44444
451;LP2;LP;HB;F7;M5;F7M5;2;2;2;121;9333.333333
452;LP2;LP;HB;F5;M2;F5M2;2;2;2;122;18000
453;LP2;LP;HB;F7;M3;F7M3;2;2;2;123;12222.22222
454;LP2;LP;HB;F7;M7;F7M7;2;2;2;124;11111.11111
455;LP2;LP;HB;F4;M10;F4M10;2;2;2;125;11111.11111
456;LP2;LP;HB;F1;M2;F1M2;2;2;2;126;13555.55556
457;LP2;LP;HB;F4;M8;F4M8;2;2;2;127;10222.22222
458;LP2;LP;HB;F2;M9;F2M9;2;2;2;128;5333.333333
459;LP2;LP;HB;F6;M2;F6M2;2;2;2;129;7555.555556
460;LP2;LP;C;C;C;F8;2;2;2;130;13111.11111
461;LP2;LP;C;C;C;M3;2;2;3;131;13555.55556
462;LP2;LP;C;C;C;M4;2;2;3;132;17555.55556
463;LP2;LP;C;C;C;M6;2;2;3;133;11555.55556
464;LP2;LP;HB;F5;M7;F5M7;2;2;3;134;14222.22222
465;LP2;LP;C;C;C;F3;2;2;3;135;7333.333333
466;LP2;LP;C;C;C;F4;2;2;3;136;13555.55556
467;LP2;LP;HB;F3;M9;F3M9;2;2;3;137;9111.111111
468;LP2;LP;C;C;C;M2;2;2;3;138;16666.66667
469;LP2;LP;C;C;C;M8;2;2;3;139;16000
470;LP2;LP;HB;F2;M4;F2M4;2;2;3;140;9333.333333
471;LP2;LP;HB;F2;M2;F2M2;2;2;4;141;10444.44444
472;LP2;LP;HB;F4;M4;F4M4;2;2;4;142;14888.88889
473;LP2;LP;HB;F9;M8;F9M8;2;2;4;143;10666.66667
474;LP2;LP;HB;F7;M6;F7M6;2;2;4;144;11111.11111
475;LP2;LP;C;C;C;F7;2;2;4;145;10888.88889
476;LP2;LP;HB;F6;M4;F6M4;2;2;4;146;16000
477;LP2;LP;HB;F10;M1;F10M1;2;2;4;147;10222.22222
478;LP2;LP;HB;F9;M4;F9M4;2;2;4;148;12222.22222
479;LP2;LP;HB;F1;M4;F1M4;2;2;4;149;14000
480;LP2;LP;C;C;C;F2;2;2;4;150;5111.111111
481;LP2;LP;C;C;C;M10;2;2;5;151;15555.55556
482;LP2;LP;HB;F7;M4;F7M4;2;2;5;152;10444.44444
483;LP2;LP;HB;F10;M4;F10M4;2;2;5;153;15555.55556
484;LP2;LP;C;C;C;F10;2;2;5;154;11111.11111
485;LP2;LP;C;C;C;T2;2;2;5;155;5111.111111
486;LP2;LP;HB;F8;M3;F8M3;2;2;5;156;14222.22222
487;LP2;LP;HB;F6;M5;F6M5;2;2;5;157;12666.66667
488;LP2;LP;HB;F9;M5;F9M5;2;2;5;158;4444.444444
489;LP2;LP;HB;F1;M10;F1M10;2;2;5;159;9777.777778
490;LP2;LP;C;C;C;F5;2;2;5;160;11111.11111
491;LP2;LP;HB;F3;M6;F3M6;2;2;6;161;6666.666667
492;LP2;LP;HB;F10;M6;F10M6;2;2;6;162;12000
493;LP2;LP;HB;F3;M4;F3M4;2;2;6;163;9555.555556
494;LP2;LP;HB;F5;M8;F5M8;2;2;6;164;10666.66667
495;LP2;LP;HB;F6;M3;F6M3;2;2;6;165;10222.22222
496;LP2;LP;HB;F5;M5;F5M5;2;2;6;166;11777.77778
497;LP2;LP;HB;F1;M5;F1M5;2;2;6;167;12444.44444
498;LP2;LP;HB;F2;M6;F2M6;2;2;6;168;8222.222222
499;LP2;LP;HB;F6;M7;F6M7;2;2;6;169;12000
500;LP2;LP;HB;F6;M6;F6M6;2;2;6;170;11333.33333
501;LP2;LP;HB;F10;M3;F10M3;2;2;7;171;11333.33333
502;LP2;LP;HB;F8;M8;F8M8;2;2;7;172;11333.33333
503;LP2;LP;HB;F10;M8;F10M8;2;2;7;173;10000
504;LP2;LP;HB;F10;M5;F10M5;2;2;7;174;11333.33333
505;LP2;LP;HB;F2;M5;F2M5;2;2;7;175;3777.777778
506;LP2;LP;HB;F8;M5;F8M5;2;2;7;176;11777.77778
507;LP2;LP;HB;F9;M2;F9M2;2;2;7;177;11777.77778
508;LP2;LP;C;C;C;T4;2;2;7;178;16000
509;LP2;LP;HB;F4;M6;F4M6;2;2;7;179;8222.222222
510;LP2;LP;HB;F3;M5;F3M5;2;2;7;180;7555.555556
511;LP2;LP;HB;F9;M1;F9M1;2;2;8;181;8888.888889
512;LP2;LP;HB;F4;M5;F4M5;2;2;8;182;8666.666667
513;LP2;LP;HB;F9;M6;F9M6;2;2;8;183;10222.22222
514;LP2;LP;HB;F1;M7;F1M7;2;2;8;184;10444.44444
515;LP2;LP;C;C;C;M5;2;2;8;185;10000
516;LP2;LP;HB;F5;M9;F5M9;2;2;8;186;9777.777778
517;LP2;LP;HB;F6;M1;F6M1;2;2;8;187;12888.88889
518;LP2;LP;C;C;C;M9;2;2;8;188;10666.66667
519;LP2;LP;C;C;C;F1;2;2;8;189;9777.777778
520;LP2;LP;HB;F4;M2;F4M2;2;2;8;190;9111.111111
521;LP2;LP;HB;F5;M6;F5M6;2;2;9;191;10666.66667
522;LP2;LP;HB;F4;M3;F4M3;2;2;9;192;10888.88889
523;LP2;LP;HB;F1;M6;F1M6;2;2;9;193;12222.22222
524;LP2;LP;HB;F8;M4;F8M4;2;2;9;194;9777.777778
525;LP2;LP;HB;F8;M6;F8M6;2;2;9;195;9777.777778
526;LP2;LP;HB;F9;M7;F9M7;2;2;9;196;10444.44444
527;LP2;LP;HB;F3;M2;F3M2;2;2;9;197;8000
528;LP2;LP;HB;F1;M1;F1M1;2;2;9;198;11333.33333
529;LP2;LP;HB;F10;M2;F10M2;2;2;9;199;14222.22222
530;LP2;LP;HB;F7;M10;F7M10;2;2;9;200;14222.22222
531;LP2;LP;HB;F2;M8;F2M8;2;2;10;201;8000
532;LP2;LP;HB;F9;M3;F9M3;2;2;10;202;11111.11111
533;LP2;LP;HB;F7;M1;F7M1;2;2;10;203;8444.444444
534;LP2;LP;HB;F7;M8;F7M8;2;2;10;204;16888.88889
535;LP2;LP;HB;F9;M10;F9M10;2;2;10;205;10888.88889
536;LP2;LP;HB;F8;M2;F8M2;2;2;10;206;11111.11111
537;LP2;LP;HB;F1;M3;F1M3;2;2;10;207;10666.66667
538;LP2;LP;HB;F8;M10;F8M10;2;2;10;208;8888.888889
539;LP2;LP;HB;F7;M2;F7M2;2;2;10;209;8888.888889
540;LP2;LP;HB;F8;M1;F8M1;2;2;10;210;10222.22222
541;LP2;LP;HB;F5;M10;F5M10;2;2;11;211;10666.66667
542;LP2;LP;HB;F3;M3;F3M3;2;2;11;212;7111.111111
543;LP2;LP;HB;F1;M8;F1M8;2;2;11;213;8222.222222
544;LP2;LP;HB;F10;M7;F10M7;2;2;11;214;8000
545;LP2;LP;HB;F10;M10;F10M10;2;2;11;215;9111.111111
546;LP2;LP;HB;F8;M7;F8M7;2;2;11;216;8666.666667
547;LP2;LP;HB;F3;M7;F3M7;2;2;11;217;6000
548;LP2;LP;HB;F5;M4;F5M4;2;2;11;218;10666.66667
549;LP2;LP;HB;F4;M7;F4M7;2;2;11;219;11111.11111
550;LP2;LP;C;C;C;M1;2;2;11;220;10000
551;LP2;LP;HB;F8;M2;F8M2;2;3;1;221;9555.555556
552;LP2;LP;HB;F4;M2;F4M2;2;3;1;222;9777.777778
553;LP2;LP;HB;F5;M8;F5M8;2;3;1;223;8666.666667
554;LP2;LP;HB;F1;M4;F1M4;2;3;1;224;12444.44444
555;LP2;LP;C;C;C;F9;2;3;1;225;10666.66667
556;LP2;LP;HB;F8;M6;F8M6;2;3;1;226;11777.77778
557;LP2;LP;HB;F3;M5;F3M5;2;3;1;227;7555.555556
558;LP2;LP;HB;F3;M9;F3M9;2;3;1;228;7555.555556
559;LP2;LP;HB;F10;M10;F10M10;2;3;1;229;10000
560;LP2;LP;HB;F7;M7;F7M7;2;3;1;230;11777.77778
561;LP2;LP;C;C;C;M6;2;3;2;231;8222.222222
562;LP2;LP;HB;F5;M6;F5M6;2;3;2;232;10000
563;LP2;LP;C;C;C;F10;2;3;2;233;8000
564;LP2;LP;HB;F8;M5;F8M5;2;3;2;234;9777.777778
565;LP2;LP;HB;F3;M3;F3M3;2;3;2;235;7777.777778
566;LP2;LP;C;C;C;M5;2;3;2;236;9333.333333
567;LP2;LP;HB;F3;M6;F3M6;2;3;2;237;6888.888889
568;LP2;LP;HB;F7;M3;F7M3;2;3;2;238;9777.777778
569;LP2;LP;HB;F7;M2;F7M2;2;3;2;239;6666.666667
570;LP2;LP;C;C;C;T1;2;3;2;240;15777.77778
571;LP2;LP;HB;F2;M3;F2M3;2;3;3;241;10000
572;LP2;LP;HB;F7;M5;F7M5;2;3;3;242;11111.11111
573;LP2;LP;HB;F9;M5;F9M5;2;3;3;243;6222.222222
574;LP2;LP;HB;F8;M1;F8M1;2;3;3;244;10444.44444
575;LP2;LP;HB;F8;M7;F8M7;2;3;3;245;8888.888889
576;LP2;LP;HB;F10;M2;F10M2;2;3;3;246;12222.22222
577;LP2;LP;HB;F10;M6;F10M6;2;3;3;247;8888.888889
578;LP2;LP;C;C;C;M9;2;3;3;248;6444.444444
579;LP2;LP;C;C;C;F2;2;3;3;249;2222.222222
580;LP2;LP;C;C;C;M2;2;3;3;250;15555.55556
581;LP2;LP;HB;F2;M5;F2M5;2;3;4;251;4000
582;LP2;LP;C;C;C;M7;2;3;4;252;11555.55556
583;LP2;LP;HB;F9;M8;F9M8;2;3;4;253;5777.777778
584;LP2;LP;HB;F10;M7;F10M7;2;3;4;254;11333.33333
585;LP2;LP;HB;F1;M2;F1M2;2;3;4;255;13777.77778
586;LP2;LP;HB;F3;M2;F3M2;2;3;4;256;8888.888889
587;LP2;LP;HB;F3;M4;F3M4;2;3;4;257;6666.666667
588;LP2;LP;HB;F8;M10;F8M10;2;3;4;258;11333.33333
589;LP2;LP;HB;F4;M5;F4M5;2;3;4;259;9555.555556
590;LP2;LP;HB;F1;M10;F1M10;2;3;4;260;16444.44444
591;LP2;LP;HB;F6;M3;F6M3;2;3;5;261;16666.66667
592;LP2;LP;HB;F9;M10;F9M10;2;3;5;262;16444.44444
593;LP2;LP;C;C;C;M4;2;3;5;263;16222.22222
594;LP2;LP;HB;F5;M4;F5M4;2;3;5;264;12444.44444
595;LP2;LP;HB;F9;M2;F9M2;2;3;5;265;11111.11111
596;LP2;LP;HB;F8;M3;F8M3;2;3;5;266;13333.33333
597;LP2;LP;HB;F6;M2;F6M2;2;3;5;267;12666.66667
598;LP2;LP;HB;F9;M1;F9M1;2;3;5;268;8000
599;LP2;LP;HB;F5;M1;F5M1;2;3;5;269;8222.222222
600;LP2;LP;HB;F4;M4;F4M4;2;3;5;270;9111.111111
601;LP2;LP;HB;F6;M8;F6M8;2;3;6;271;8000
602;LP2;LP;HB;F1;M7;F1M7;2;3;6;272;6888.888889
603;LP2;LP;HB;F5;M10;F5M10;2;3;6;273;12222.22222
604;LP2;LP;HB;F7;M10;F7M10;2;3;6;274;10222.22222
605;LP2;LP;HB;F2;M2;F2M2;2;3;6;275;8666.666667
606;LP2;LP;HB;F1;M5;F1M5;2;3;6;276;13555.55556
607;LP2;LP;C;C;C;T4;2;3;6;277;11777.77778
608;LP2;LP;HB;F10;M4;F10M4;2;3;6;278;12222.22222
609;LP2;LP;C;C;C;F8;2;3;6;279;8444.444444
610;LP2;LP;HB;F2;M4;F2M4;2;3;6;280;12888.88889
611;LP2;LP;HB;F6;M5;F6M5;2;3;7;281;11555.55556
612;LP2;LP;HB;F8;M8;F8M8;2;3;7;282;12666.66667
613;LP2;LP;HB;F5;M5;F5M5;2;3;7;283;9111.111111
614;LP2;LP;HB;F5;M3;F5M3;2;3;7;284;12888.88889
615;LP2;LP;HB;F1;M8;F1M8;2;3;7;285;8444.444444
616;LP2;LP;HB;F5;M7;F5M7;2;3;7;286;11777.77778
617;LP2;LP;HB;F9;M6;F9M6;2;3;7;287;8000
618;LP2;LP;HB;F1;M6;F1M6;2;3;7;288;11111.11111
619;LP2;LP;HB;F10;M1;F10M1;2;3;7;289;6888.888889
620;LP2;LP;HB;F7;M8;F7M8;2;3;7;290;8000
621;LP2;LP;HB;F2;M8;F2M8;2;3;8;291;4444.444444
622;LP2;LP;HB;F6;M7;F6M7;2;3;8;292;10666.66667
623;LP2;LP;C;C;C;F6;2;3;8;293;6666.666667
624;LP2;LP;C;C;C;F4;2;3;8;294;10000
625;LP2;LP;C;C;C;F7;2;3;8;295;10666.66667
626;LP2;LP;HB;F4;M6;F4M6;2;3;8;296;10222.22222
627;LP2;LP;HB;F3;M7;F3M7;2;3;8;297;7777.777778
628;LP2;LP;HB;F4;M8;F4M8;2;3;8;298;12000
629;LP2;LP;C;C;C;M10;2;3;8;299;17777.77778
630;LP2;LP;HB;F1;M1;F1M1;2;3;8;300;15333.33333
631;LP2;LP;C;C;C;M1;2;3;9;301;13777.77778
632;LP2;LP;HB;F8;M4;F8M4;2;3;9;302;16666.66667
633;LP2;LP;HB;F2;M9;F2M9;2;3;9;303;8444.444444
634;LP2;LP;HB;F9;M3;F9M3;2;3;9;304;13555.55556
635;LP2;LP;C;C;C;F3;2;3;9;305;4888.888889
636;LP2;LP;C;C;C;F1;2;3;9;306;11111.11111
637;LP2;LP;HB;F10;M8;F10M8;2;3;9;307;9111.111111
638;LP2;LP;HB;F9;M4;F9M4;2;3;9;308;13333.33333
639;LP2;LP;C;C;C;T2;2;3;9;309;4666.666667
640;LP2;LP;HB;F2;M6;F2M6;2;3;9;310;8666.666667
641;LP2;LP;HB;F9;M7;F9M7;2;3;10;311;11555.55556
642;LP2;LP;HB;F6;M4;F6M4;2;3;10;312;14444.44444
643;LP2;LP;HB;F5;M2;F5M2;2;3;10;313;16000
644;LP2;LP;HB;F2;M7;F2M7;2;3;10;314;13333.33333
645;LP2;LP;HB;F10;M3;F10M3;2;3;10;315;12888.88889
646;LP2;LP;HB;F4;M7;F4M7;2;3;10;316;10222.22222
647;LP2;LP;HB;F7;M1;F7M1;2;3;10;317;7111.111111
648;LP2;LP;C;C;C;M8;2;3;10;318;16000
649;LP2;LP;HB;F6;M1;F6M1;2;3;10;319;10000
650;LP2;LP;HB;F7;M4;F7M4;2;3;10;320;20000
651;LP2;LP;HB;F4;M3;F4M3;2;3;11;321;17777.77778
652;LP2;LP;HB;F1;M3;F1M3;2;3;11;322;16000
653;LP2;LP;HB;F4;M10;F4M10;2;3;11;323;14000
654;LP2;LP;C;C;C;F5;2;3;11;324;14888.88889
655;LP2;LP;HB;F10;M5;F10M5;2;3;11;325;8444.444444
656;LP2;LP;HB;F5;M9;F5M9;2;3;11;326;14222.22222
657;LP2;LP;HB;F6;M6;F6M6;2;3;11;327;11555.55556
658;LP2;LP;HB;F7;M6;F7M6;2;3;11;328;10888.88889
659;LP2;LP;C;C;C;M3;2;3;11;329;11555.55556
660;LP2;LP;C;C;C;T3;2;3;11;330;8888.888889
661;HP1;HP;C;C;C;F6;1;1;1;1;22000
662;HP1;HP;HB;F4;M10;F4M10;1;1;1;2;23777.77778
663;HP1;HP;C;C;C;M10;1;1;1;3;23555.55556
664;HP1;HP;HB;F10;M3;F10M3;1;1;1;4;22000
665;HP1;HP;HB;F8;M4;F8M4;1;1;1;5;22000
666;HP1;HP;C;C;C;M4;1;1;1;6;26000
667;HP1;HP;HB;F6;M3;F6M3;1;1;1;7;18444.44444
668;HP1;HP;C;C;C;M2;1;1;1;8;25111.11111
669;HP1;HP;HB;F1;M5;F1M5;1;1;1;9;20000
670;HP1;HP;HB;F9;M3;F9M3;1;1;1;10;21777.77778
671;HP1;HP;C;C;C;F10;1;1;2;11;21333.33333
672;HP1;HP;HB;F1;M7;F1M7;1;1;2;12;16000
673;HP1;HP;HB;F5;M7;F5M7;1;1;2;13;17555.55556
674;HP1;HP;HB;F5;M6;F5M6;1;1;2;14;21777.77778
675;HP1;HP;HB;F7;M6;F7M6;1;1;2;15;12222.22222
676;HP1;HP;C;C;C;F8;1;1;2;16;14666.66667
677;HP1;HP;HB;F8;M10;F8M10;1;1;2;17;21111.11111
678;HP1;HP;HB;F10;M6;F10M6;1;1;2;18;18666.66667
679;HP1;HP;HB;F4;M3;F4M3;1;1;2;19;23333.33333
680;HP1;HP;C;C;C;M1;1;1;2;20;19111.11111
681;HP1;HP;HB;F2;M9;F2M9;1;1;3;21;16888.88889
682;HP1;HP;C;C;C;F9;1;1;3;22;21111.11111
683;HP1;HP;HB;F4;M6;F4M6;1;1;3;23;20666.66667
684;HP1;HP;HB;F9;M4;F9M4;1;1;3;24;22444.44444
685;HP1;HP;C;C;C;M5;1;1;3;25;15333.33333
686;HP1;HP;C;C;C;F4;1;1;3;26;22222.22222
687;HP1;HP;HB;F2;M5;F2M5;1;1;3;27;15111.11111
688;HP1;HP;HB;F3;M5;F3M5;1;1;3;28;11333.33333
689;HP1;HP;HB;F9;M10;F9M10;1;1;3;29;18222.22222
690;HP1;HP;HB;F5;M5;F5M5;1;1;3;30;14666.66667
691;HP1;HP;HB;F6;M1;F6M1;1;1;4;31;17555.55556
692;HP1;HP;HB;F5;M1;F5M1;1;1;4;32;17555.55556
693;HP1;HP;HB;F8;M8;F8M8;1;1;4;33;20000
694;HP1;HP;HB;F5;M8;F5M8;1;1;4;34;18666.66667
695;HP1;HP;HB;F5;M9;F5M9;1;1;4;35;20000
696;HP1;HP;HB;F4;M7;F4M7;1;1;4;36;20666.66667
697;HP1;HP;HB;F7;M2;F7M2;1;1;4;37;20444.44444
698;HP1;HP;HB;F6;M8;F6M8;1;1;4;38;20000
699;HP1;HP;HB;F10;M10;F10M10;1;1;4;39;20666.66667
700;HP1;HP;HB;F5;M3;F5M3;1;1;4;40;24888.88889
701;HP1;HP;HB;F6;M6;F6M6;1;1;5;41;14666.66667
702;HP1;HP;HB;F7;M3;F7M3;1;1;5;42;23111.11111
703;HP1;HP;HB;F10;M5;F10M5;1;1;5;43;13333.33333
704;HP1;HP;HB;F8;M2;F8M2;1;1;5;44;26888.88889
705;HP1;HP;C;C;C;M9;1;1;5;45;17555.55556
706;HP1;HP;HB;F3;M6;F3M6;1;1;5;46;16888.88889
707;HP1;HP;HB;F8;M7;F8M7;1;1;5;47;23777.77778
708;HP1;HP;HB;F4;M5;F4M5;1;1;5;48;12444.44444
709;HP1;HP;C;C;C;T3;1;1;5;49;18666.66667
710;HP1;HP;HB;F3;M9;F3M9;1;1;5;50;18666.66667
711;HP1;HP;HB;F3;M3;F3M3;1;1;6;51;18666.66667
712;HP1;HP;HB;F9;M1;F9M1;1;1;6;52;17555.55556
713;HP1;HP;HB;F1;M4;F1M4;1;1;6;53;21111.11111
714;HP1;HP;HB;F3;M7;F3M7;1;1;6;54;25111.11111
715;HP1;HP;HB;F1;M8;F1M8;1;1;6;55;20888.88889
716;HP1;HP;HB;F1;M6;F1M6;1;1;6;56;19111.11111
717;HP1;HP;HB;F7;M5;F7M5;1;1;6;57;20222.22222
718;HP1;HP;HB;F10;M8;F10M8;1;1;6;58;21111.11111
719;HP1;HP;HB;F7;M8;F7M8;1;1;6;59;21777.77778
720;HP1;HP;C;C;C;M8;1;1;6;60;26666.66667
721;HP1;HP;HB;F1;M1;F1M1;1;1;7;61;17111.11111
722;HP1;HP;HB;F9;M6;F9M6;1;1;7;62;17333.33333
723;HP1;HP;HB;F7;M10;F7M10;1;1;7;63;18222.22222
724;HP1;HP;HB;F7;M7;F7M7;1;1;7;64;24666.66667
725;HP1;HP;HB;F1;M3;F1M3;1;1;7;65;18444.44444
726;HP1;HP;C;C;C;T1;1;1;7;66;22444.44444
727;HP1;HP;HB;F6;M7;F6M7;1;1;7;67;19777.77778
728;HP1;HP;HB;F2;M6;F2M6;1;1;7;68;16888.88889
729;HP1;HP;HB;F8;M6;F8M6;1;1;7;69;18888.88889
730;HP1;HP;HB;F3;M4;F3M4;1;1;7;70;18888.88889
731;HP1;HP;HB;F2;M7;F2M7;1;1;8;71;19333.33333
732;HP1;HP;HB;F10;M4;F10M4;1;1;8;72;18444.44444
733;HP1;HP;C;C;C;M6;1;1;8;73;15555.55556
734;HP1;HP;HB;F7;M1;F7M1;1;1;8;74;15777.77778
735;HP1;HP;HB;F10;M1;F10M1;1;1;8;75;17333.33333
736;HP1;HP;HB;F10;M7;F10M7;1;1;8;76;24000
737;HP1;HP;HB;F9;M2;F9M2;1;1;8;77;19333.33333
738;HP1;HP;HB;F9;M7;F9M7;1;1;8;78;21333.33333
739;HP1;HP;HB;F7;M4;F7M4;1;1;8;79;19555.55556
740;HP1;HP;HB;F6;M4;F6M4;1;1;8;80;22222.22222
741;HP1;HP;HB;F4;M2;F4M2;1;1;9;81;25777.77778
742;HP1;HP;HB;F2;M2;F2M2;1;1;9;82;18444.44444
743;HP1;HP;C;C;C;T2;1;1;9;83;13777.77778
744;HP1;HP;C;C;C;T4;1;1;9;84;22444.44444
745;HP1;HP;C;C;C;F7;1;1;9;85;20444.44444
746;HP1;HP;HB;F6;M5;F6M5;1;1;9;86;16444.44444
747;HP1;HP;HB;F8;M1;F8M1;1;1;9;87;19555.55556
748;HP1;HP;HB;F1;M2;F1M2;1;1;9;88;22222.22222
749;HP1;HP;HB;F4;M4;F4M4;1;1;9;89;18222.22222
750;HP1;HP;C;C;C;F1;1;1;9;90;18888.88889
751;HP1;HP;HB;F10;M2;F10M2;1;1;10;91;22888.88889
752;HP1;HP;HB;F8;M5;F8M5;1;1;10;92;16444.44444
753;HP1;HP;C;C;C;F2;1;1;10;93;18888.88889
754;HP1;HP;HB;F6;M2;F6M2;1;1;10;94;24888.88889
755;HP1;HP;HB;F2;M8;F2M8;1;1;10;95;21777.77778
756;HP1;HP;HB;F9;M5;F9M5;1;1;10;96;12444.44444
757;HP1;HP;HB;F4;M8;F4M8;1;1;10;97;18888.88889
758;HP1;HP;HB;F8;M3;F8M3;1;1;10;98;19111.11111
759;HP1;HP;HB;F2;M4;F2M4;1;1;10;99;18222.22222
760;HP1;HP;C;C;C;F3;1;1;10;100;17555.55556
761;HP1;HP;C;C;C;M3;1;1;11;101;23777.77778
762;HP1;HP;HB;F1;M10;F1M10;1;1;11;102;20222.22222
763;HP1;HP;HB;F5;M4;F5M4;1;1;11;103;17111.11111
764;HP1;HP;C;C;C;M7;1;1;11;104;24666.66667
765;HP1;HP;HB;F2;M3;F2M3;1;1;11;105;24444.44444
766;HP1;HP;HB;F9;M8;F9M8;1;1;11;106;19777.77778
767;HP1;HP;HB;F5;M10;F5M10;1;1;11;107;19555.55556
768;HP1;HP;HB;F5;M2;F5M2;1;1;11;108;25555.55556
769;HP1;HP;C;C;C;F5;1;1;11;109;29111.11111
770;HP1;HP;HB;F3;M2;F3M2;1;1;11;110;23555.55556
771;HP1;HP;HB;F8;M4;F8M4;1;2;1;111;27555.55556
772;HP1;HP;HB;F5;M5;F5M5;1;2;1;112;15111.11111
773;HP1;HP;C;C;C;T2;1;2;1;113;26000
774;HP1;HP;HB;F9;M2;F9M2;1;2;1;114;24222.22222
775;HP1;HP;HB;F5;M7;F5M7;1;2;1;115;25333.33333
776;HP1;HP;HB;F8;M8;F8M8;1;2;1;116;30000
777;HP1;HP;HB;F6;M2;F6M2;1;2;1;117;24666.66667
778;HP1;HP;HB;F6;M6;F6M6;1;2;1;118;24888.88889
779;HP1;HP;HB;F5;M4;F5M4;1;2;1;119;20444.44444
780;HP1;HP;HB;F2;M6;F2M6;1;2;1;120;20444.44444
781;HP1;HP;HB;F5;M2;F5M2;1;2;2;121;26888.88889
782;HP1;HP;HB;F1;M8;F1M8;1;2;2;122;22000
783;HP1;HP;C;C;C;F8;1;2;2;123;15333.33333
784;HP1;HP;HB;F8;M1;F8M1;1;2;2;124;18222.22222
785;HP1;HP;HB;F4;M5;F4M5;1;2;2;125;15333.33333
786;HP1;HP;HB;F5;M3;F5M3;1;2;2;126;25555.55556
787;HP1;HP;HB;F1;M3;F1M3;1;2;2;127;18666.66667
788;HP1;HP;C;C;C;M6;1;2;2;128;17333.33333
789;HP1;HP;HB;F9;M3;F9M3;1;2;2;129;25333.33333
790;HP1;HP;HB;F3;M5;F3M5;1;2;2;130;14888.88889
791;HP1;HP;HB;F7;M4;F7M4;1;2;3;131;20000
792;HP1;HP;HB;F9;M10;F9M10;1;2;3;132;21111.11111
793;HP1;HP;HB;F1;M2;F1M2;1;2;3;133;24666.66667
794;HP1;HP;HB;F2;M3;F2M3;1;2;3;134;18444.44444
795;HP1;HP;HB;F5;M1;F5M1;1;2;3;135;20888.88889
796;HP1;HP;HB;F8;M10;F8M10;1;2;3;136;25333.33333
797;HP1;HP;HB;F9;M1;F9M1;1;2;3;137;21333.33333
798;HP1;HP;HB;F2;M4;F2M4;1;2;3;138;19777.77778
799;HP1;HP;HB;F4;M10;F4M10;1;2;3;139;21777.77778
800;HP1;HP;HB;F1;M1;F1M1;1;2;3;140;22222.22222
801;HP1;HP;C;C;C;F10;1;2;4;141;20888.88889
802;HP1;HP;HB;F8;M7;F8M7;1;2;4;142;20000
803;HP1;HP;HB;F10;M2;F10M2;1;2;4;143;21333.33333
804;HP1;HP;HB;F9;M7;F9M7;1;2;4;144;18000
805;HP1;HP;C;C;C;F6;1;2;4;145;19111.11111
806;HP1;HP;C;C;C;M3;1;2;4;146;21333.33333
807;HP1;HP;HB;F7;M10;F7M10;1;2;4;147;18444.44444
808;HP1;HP;HB;F2;M9;F2M9;1;2;4;148;16888.88889
809;HP1;HP;HB;F10;M10;F10M10;1;2;4;149;19555.55556
810;HP1;HP;HB;F7;M5;F7M5;1;2;4;150;10888.88889
811;HP1;HP;HB;F7;M3;F7M3;1;2;5;151;24444.44444
812;HP1;HP;HB;F10;M1;F10M1;1;2;5;152;22444.44444
813;HP1;HP;HB;F7;M2;F7M2;1;2;5;153;26222.22222
814;HP1;HP;HB;F1;M4;F1M4;1;2;5;154;18222.22222
815;HP1;HP;C;C;C;F5;1;2;5;155;24444.44444
816;HP1;HP;HB;F9;M4;F9M4;1;2;5;156;26222.22222
817;HP1;HP;HB;F8;M6;F8M6;1;2;5;157;30000
818;HP1;HP;HB;F6;M5;F6M5;1;2;5;158;17777.77778
819;HP1;HP;C;C;C;F2;1;2;5;159;23555.55556
820;HP1;HP;HB;F5;M6;F5M6;1;2;5;160;20444.44444
821;HP1;HP;C;C;C;T1;1;2;6;161;24000
822;HP1;HP;C;C;C;F7;1;2;6;162;20444.44444
823;HP1;HP;C;C;C;M7;1;2;6;163;25777.77778
824;HP1;HP;HB;F2;M5;F2M5;1;2;6;164;16000
825;HP1;HP;HB;F7;M1;F7M1;1;2;6;165;23333.33333
826;HP1;HP;HB;F6;M3;F6M3;1;2;6;166;26000
827;HP1;HP;HB;F4;M8;F4M8;1;2;6;167;21111.11111
828;HP1;HP;HB;F6;M8;F6M8;1;2;6;168;20888.88889
829;HP1;HP;HB;F10;M8;F10M8;1;2;6;169;17555.55556
830;HP1;HP;HB;F10;M5;F10M5;1;2;6;170;15111.11111
831;HP1;HP;HB;F9;M8;F9M8;1;2;7;171;18222.22222
832;HP1;HP;HB;F5;M8;F5M8;1;2;7;172;20666.66667
833;HP1;HP;HB;F3;M3;F3M3;1;2;7;173;17777.77778
834;HP1;HP;C;C;C;F4;1;2;7;174;21555.55556
835;HP1;HP;C;C;C;M9;1;2;7;175;15111.11111
836;HP1;HP;HB;F9;M5;F9M5;1;2;7;176;18888.88889
837;HP1;HP;HB;F1;M7;F1M7;1;2;7;177;21111.11111
838;HP1;HP;C;C;C;M2;1;2;7;178;26000
839;HP1;HP;HB;F6;M4;F6M4;1;2;7;179;16222.22222
840;HP1;HP;HB;F4;M2;F4M2;1;2;7;180;20888.88889
841;HP1;HP;HB;F1;M10;F1M10;1;2;8;181;18444.44444
842;HP1;HP;C;C;C;M1;1;2;8;182;17777.77778
843;HP1;HP;HB;F4;M4;F4M4;1;2;8;183;21777.77778
844;HP1;HP;HB;F1;M5;F1M5;1;2;8;184;23777.77778
845;HP1;HP;HB;F8;M5;F8M5;1;2;8;185;19333.33333
846;HP1;HP;HB;F1;M6;F1M6;1;2;8;186;22222.22222
847;HP1;HP;HB;F8;M2;F8M2;1;2;8;187;22222.22222
848;HP1;HP;C;C;C;M5;1;2;8;188;15333.33333
849;HP1;HP;HB;F10;M4;F10M4;1;2;8;189;19333.33333
850;HP1;HP;HB;F3;M4;F3M4;1;2;8;190;18888.88889
851;HP1;HP;HB;F10;M3;F10M3;1;2;9;191;16444.44444
852;HP1;HP;C;C;C;F1;1;2;9;192;18000
853;HP1;HP;HB;F2;M8;F2M8;1;2;9;193;24888.88889
854;HP1;HP;HB;F7;M8;F7M8;1;2;9;194;16444.44444
855;HP1;HP;HB;F10;M6;F10M6;1;2;9;195;17111.11111
856;HP1;HP;HB;F4;M6;F4M6;1;2;9;196;26666.66667
857;HP1;HP;HB;F3;M6;F3M6;1;2;9;197;19333.33333
858;HP1;HP;HB;F6;M1;F6M1;1;2;9;198;21111.11111
859;HP1;HP;HB;F7;M7;F7M7;1;2;9;199;18000
860;HP1;HP;HB;F5;M10;F5M10;1;2;9;200;23111.11111
861;HP1;HP;HB;F4;M7;F4M7;1;2;10;201;23777.77778
862;HP1;HP;HB;F9;M6;F9M6;1;2;10;202;21111.11111
863;HP1;HP;HB;F2;M2;F2M2;1;2;10;203;12222.22222
864;HP1;HP;C;C;C;F9;1;2;10;204;16888.88889
865;HP1;HP;HB;F7;M6;F7M6;1;2;10;205;16666.66667
866;HP1;HP;C;C;C;F3;1;2;10;206;19555.55556
867;HP1;HP;HB;F3;M9;F3M9;1;2;10;207;19777.77778
868;HP1;HP;HB;F2;M7;F2M7;1;2;10;208;24000
869;HP1;HP;C;C;C;M10;1;2;10;209;20444.44444
870;HP1;HP;C;C;C;M8;1;2;10;210;26444.44444
871;HP1;HP;HB;F4;M3;F4M3;1;2;11;211;22444.44444
872;HP1;HP;HB;F8;M3;F8M3;1;2;11;212;21777.77778
873;HP1;HP;C;C;C;T3;1;2;11;213;22666.66667
874;HP1;HP;HB;F10;M7;F10M7;1;2;11;214;19333.33333
875;HP1;HP;HB;F3;M7;F3M7;1;2;11;215;22000
876;HP1;HP;HB;F6;M7;F6M7;1;2;11;216;23111.11111
877;HP1;HP;HB;F5;M9;F5M9;1;2;11;217;20000
878;HP1;HP;C;C;C;T4;1;2;11;218;20222.22222
879;HP1;HP;C;C;C;M4;1;2;11;219;29555.55556
880;HP1;HP;HB;F3;M2;F3M2;1;2;11;220;20222.22222
881;HP1;HP;HB;F9;M7;F9M7;1;3;1;221;21111.11111
882;HP1;HP;HB;F8;M2;F8M2;1;3;1;222;20888.88889
883;HP1;HP;HB;F5;M7;F5M7;1;3;1;223;28222.22222
884;HP1;HP;HB;F2;M5;F2M5;1;3;1;224;8444.444444
885;HP1;HP;C;C;C;M4;1;3;1;225;26222.22222
886;HP1;HP;HB;F9;M8;F9M8;1;3;1;226;15111.11111
887;HP1;HP;HB;F1;M4;F1M4;1;3;1;227;16444.44444
888;HP1;HP;HB;F9;M6;F9M6;1;3;1;228;18444.44444
889;HP1;HP;C;C;C;F1;1;3;1;229;17777.77778
890;HP1;HP;HB;F5;M1;F5M1;1;3;1;230;17777.77778
891;HP1;HP;HB;F2;M6;F2M6;1;3;2;231;22000
892;HP1;HP;HB;F7;M1;F7M1;1;3;2;232;16444.44444
893;HP1;HP;HB;F5;M2;F5M2;1;3;2;233;22000
894;HP1;HP;HB;F10;M6;F10M6;1;3;2;234;17333.33333
895;HP1;HP;HB;F4;M4;F4M4;1;3;2;235;20666.66667
896;HP1;HP;HB;F4;M7;F4M7;1;3;2;236;22222.22222
897;HP1;HP;HB;F3;M3;F3M3;1;3;2;237;19111.11111
898;HP1;HP;HB;F4;M10;F4M10;1;3;2;238;18444.44444
899;HP1;HP;HB;F10;M2;F10M2;1;3;2;239;18444.44444
900;HP1;HP;HB;F7;M3;F7M3;1;3;2;240;16666.66667
901;HP1;HP;C;C;C;F9;1;3;3;241;16888.88889
902;HP1;HP;HB;F2;M8;F2M8;1;3;3;242;16444.44444
903;HP1;HP;HB;F3;M2;F3M2;1;3;3;243;17777.77778
904;HP1;HP;C;C;C;M6;1;3;3;244;14888.88889
905;HP1;HP;HB;F4;M2;F4M2;1;3;3;245;20888.88889
906;HP1;HP;HB;F5;M6;F5M6;1;3;3;246;16222.22222
907;HP1;HP;HB;F6;M8;F6M8;1;3;3;247;15555.55556
908;HP1;HP;HB;F1;M6;F1M6;1;3;3;248;15111.11111
909;HP1;HP;HB;F8;M4;F8M4;1;3;3;249;20666.66667
910;HP1;HP;HB;F7;M10;F7M10;1;3;3;250;19777.77778
911;HP1;HP;HB;F3;M5;F3M5;1;3;4;251;17333.33333
912;HP1;HP;HB;F2;M2;F2M2;1;3;4;252;19555.55556
913;HP1;HP;HB;F1;M10;F1M10;1;3;4;253;19333.33333
914;HP1;HP;HB;F10;M5;F10M5;1;3;4;254;14444.44444
915;HP1;HP;HB;F7;M5;F7M5;1;3;4;255;15111.11111
916;HP1;HP;HB;F8;M10;F8M10;1;3;4;256;22444.44444
917;HP1;HP;HB;F8;M3;F8M3;1;3;4;257;20000
918;HP1;HP;HB;F8;M6;F8M6;1;3;4;258;12888.88889
919;HP1;HP;HB;F8;M8;F8M8;1;3;4;259;19111.11111
920;HP1;HP;C;C;C;M2;1;3;4;260;22888.88889
921;HP1;HP;HB;F6;M5;F6M5;1;3;5;261;13777.77778
922;HP1;HP;HB;F5;M4;F5M4;1;3;5;262;15555.55556
923;HP1;HP;C;C;C;M8;1;3;5;263;21333.33333
924;HP1;HP;HB;F3;M6;F3M6;1;3;5;264;15555.55556
925;HP1;HP;HB;F4;M8;F4M8;1;3;5;265;18000
926;HP1;HP;HB;F10;M7;F10M7;1;3;5;266;22222.22222
927;HP1;HP;C;C;C;F4;1;3;5;267;24000
928;HP1;HP;HB;F1;M1;F1M1;1;3;5;268;17777.77778
929;HP1;HP;C;C;C;F6;1;3;5;269;19111.11111
930;HP1;HP;C;C;C;F8;1;3;5;270;15777.77778
931;HP1;HP;C;C;C;M10;1;3;6;271;27555.55556
932;HP1;HP;C;C;C;F5;1;3;6;272;20222.22222
933;HP1;HP;HB;F9;M5;F9M5;1;3;6;273;20666.66667
934;HP1;HP;C;C;C;F10;1;3;6;274;14222.22222
935;HP1;HP;HB;F7;M4;F7M4;1;3;6;275;19111.11111
936;HP1;HP;HB;F7;M7;F7M7;1;3;6;276;19333.33333
937;HP1;HP;HB;F5;M9;F5M9;1;3;6;277;20444.44444
938;HP1;HP;C;C;C;F7;1;3;6;278;20666.66667
939;HP1;HP;HB;F4;M5;F4M5;1;3;6;279;11111.11111
940;HP1;HP;C;C;C;M5;1;3;6;280;16444.44444
941;HP1;HP;C;C;C;M9;1;3;7;281;21555.55556
942;HP1;HP;C;C;C;T4;1;3;7;282;29777.77778
943;HP1;HP;C;C;C;F3;1;3;7;283;19777.77778
944;HP1;HP;HB;F7;M2;F7M2;1;3;7;284;25111.11111
945;HP1;HP;HB;F7;M8;F7M8;1;3;7;285;19555.55556
946;HP1;HP;HB;F1;M5;F1M5;1;3;7;286;18444.44444
947;HP1;HP;HB;F2;M9;F2M9;1;3;7;287;20888.88889
948;HP1;HP;HB;F2;M3;F2M3;1;3;7;288;17333.33333
949;HP1;HP;HB;F9;M2;F9M2;1;3;7;289;17111.11111
950;HP1;HP;HB;F1;M3;F1M3;1;3;7;290;16666.66667
951;HP1;HP;HB;F7;M6;F7M6;1;3;8;291;24222.22222
952;HP1;HP;HB;F9;M4;F9M4;1;3;8;292;20888.88889
953;HP1;HP;HB;F6;M4;F6M4;1;3;8;293;24666.66667
954;HP1;HP;HB;F10;M3;F10M3;1;3;8;294;26222.22222
955;HP1;HP;HB;F8;M5;F8M5;1;3;8;295;23777.77778
956;HP1;HP;HB;F6;M7;F6M7;1;3;8;296;23777.77778
957;HP1;HP;HB;F9;M1;F9M1;1;3;8;297;21777.77778
958;HP1;HP;C;C;C;M7;1;3;8;298;23777.77778
959;HP1;HP;HB;F6;M6;F6M6;1;3;8;299;20000
960;HP1;HP;HB;F5;M3;F5M3;1;3;8;300;18444.44444
961;HP1;HP;HB;F5;M10;F5M10;1;3;9;301;30000
962;HP1;HP;HB;F9;M10;F9M10;1;3;9;302;25555.55556
963;HP1;HP;HB;F9;M3;F9M3;1;3;9;303;22444.44444
964;HP1;HP;C;C;C;T2;1;3;9;304;19777.77778
965;HP1;HP;C;C;C;M1;1;3;9;305;22444.44444
966;HP1;HP;C;C;C;F2;1;3;9;306;27111.11111
967;HP1;HP;HB;F10;M8;F10M8;1;3;9;307;21555.55556
968;HP1;HP;C;C;C;T3;1;3;9;308;20000
969;HP1;HP;HB;F2;M7;F2M7;1;3;9;309;27111.11111
970;HP1;HP;HB;F10;M10;F10M10;1;3;9;310;28666.66667
971;HP1;HP;HB;F1;M8;F1M8;1;3;10;311;27777.77778
972;HP1;HP;HB;F4;M6;F4M6;1;3;10;312;24222.22222
973;HP1;HP;HB;F3;M4;F3M4;1;3;10;313;24888.88889
974;HP1;HP;HB;F8;M7;F8M7;1;3;10;314;34666.66667
975;HP1;HP;HB;F10;M1;F10M1;1;3;10;315;20000
976;HP1;HP;HB;F4;M3;F4M3;1;3;10;316;31777.77778
977;HP1;HP;HB;F1;M2;F1M2;1;3;10;317;29111.11111
978;HP1;HP;HB;F6;M2;F6M2;1;3;10;318;27555.55556
979;HP1;HP;HB;F6;M3;F6M3;1;3;10;319;21555.55556
980;HP1;HP;HB;F5;M8;F5M8;1;3;10;320;28888.88889
981;HP1;HP;HB;F5;M5;F5M5;1;3;11;321;24444.44444
982;HP1;HP;HB;F2;M4;F2M4;1;3;11;322;29111.11111
983;HP1;HP;HB;F6;M1;F6M1;1;3;11;323;21555.55556
984;HP1;HP;HB;F8;M1;F8M1;1;3;11;324;25333.33333
985;HP1;HP;HB;F3;M9;F3M9;1;3;11;325;28444.44444
986;HP1;HP;HB;F10;M4;F10M4;1;3;11;326;33555.55556
987;HP1;HP;C;C;C;M3;1;3;11;327;33111.11111
988;HP1;HP;HB;F3;M7;F3M7;1;3;11;328;25333.33333
989;HP1;HP;C;C;C;T1;1;3;11;329;29777.77778
990;HP1;HP;HB;F1;M7;F1M7;1;3;11;330;29555.55556
991;HP2;HP;C;C;C;F6;2;1;1;1;24444.44444
992;HP2;HP;HB;F4;M10;F4M10;2;1;1;2;21777.77778
993;HP2;HP;C;C;C;M10;2;1;1;3;27777.77778
994;HP2;HP;HB;F10;M3;F10M3;2;1;1;4;21333.33333
995;HP2;HP;HB;F8;M4;F8M4;2;1;1;5;22888.88889
996;HP2;HP;C;C;C;M4;2;1;1;6;25777.77778
997;HP2;HP;HB;F6;M3;F6M3;2;1;1;7;24000
998;HP2;HP;C;C;C;M2;2;1;1;8;24888.88889
999;HP2;HP;HB;F1;M5;F1M5;2;1;1;9;23555.55556
1000;HP2;HP;HB;F9;M3;F9M3;2;1;1;10;18888.88889
1001;HP2;HP;C;C;C;F10;2;1;2;11;22888.88889
1002;HP2;HP;HB;F1;M7;F1M7;2;1;2;12;20222.22222
1003;HP2;HP;HB;F5;M7;F5M7;2;1;2;13;20000
1004;HP2;HP;HB;F5;M6;F5M6;2;1;2;14;19777.77778
1005;HP2;HP;HB;F7;M6;F7M6;2;1;2;15;14888.88889
1006;HP2;HP;C;C;C;F8;2;1;2;16;20888.88889
1007;HP2;HP;HB;F8;M10;F8M10;2;1;2;17;25111.11111
1008;HP2;HP;HB;F10;M6;F10M6;2;1;2;18;18000
1009;HP2;HP;HB;F4;M3;F4M3;2;1;2;19;20888.88889
1010;HP2;HP;C;C;C;M1;2;1;2;20;18666.66667
1011;HP2;HP;HB;F2;M9;F2M9;2;1;3;21;16888.88889
1012;HP2;HP;C;C;C;F9;2;1;3;22;26000
1013;HP2;HP;HB;F4;M6;F4M6;2;1;3;23;18000
1014;HP2;HP;HB;F9;M4;F9M4;2;1;3;24;23555.55556
1015;HP2;HP;C;C;C;M5;2;1;3;25;16444.44444
1016;HP2;HP;C;C;C;F4;2;1;3;26;19555.55556
1017;HP2;HP;HB;F2;M5;F2M5;2;1;3;27;12444.44444
1018;HP2;HP;HB;F3;M5;F3M5;2;1;3;28;12666.66667
1019;HP2;HP;HB;F9;M10;F9M10;2;1;3;29;20444.44444
1020;HP2;HP;HB;F5;M5;F5M5;2;1;3;30;16888.88889
1021;HP2;HP;HB;F6;M1;F6M1;2;1;4;31;20000
1022;HP2;HP;HB;F5;M1;F5M1;2;1;4;32;18000
1023;HP2;HP;HB;F8;M8;F8M8;2;1;4;33;21111.11111
1024;HP2;HP;HB;F5;M8;F5M8;2;1;4;34;20000
1025;HP2;HP;HB;F5;M9;F5M9;2;1;4;35;22666.66667
1026;HP2;HP;HB;F4;M7;F4M7;2;1;4;36;20888.88889
1027;HP2;HP;HB;F7;M2;F7M2;2;1;4;37;21111.11111
1028;HP2;HP;HB;F6;M8;F6M8;2;1;4;38;21777.77778
1029;HP2;HP;HB;F10;M10;F10M10;2;1;4;39;22888.88889
1030;HP2;HP;HB;F5;M3;F5M3;2;1;4;40;28666.66667
1031;HP2;HP;HB;F6;M6;F6M6;2;1;5;41;17111.11111
1032;HP2;HP;HB;F7;M3;F7M3;2;1;5;42;27777.77778
1033;HP2;HP;HB;F10;M5;F10M5;2;1;5;43;14000
1034;HP2;HP;HB;F8;M2;F8M2;2;1;5;44;26888.88889
1035;HP2;HP;C;C;C;M9;2;1;5;45;18888.88889
1036;HP2;HP;HB;F3;M6;F3M6;2;1;5;46;17555.55556
1037;HP2;HP;HB;F8;M7;F8M7;2;1;5;47;29555.55556
1038;HP2;HP;HB;F4;M5;F4M5;2;1;5;48;10444.44444
1039;HP2;HP;C;C;C;T3;2;1;5;49;14444.44444
1040;HP2;HP;HB;F3;M9;F3M9;2;1;5;50;14000
1041;HP2;HP;HB;F3;M3;F3M3;2;1;6;51;13555.55556
1042;HP2;HP;HB;F9;M1;F9M1;2;1;6;52;20222.22222
1043;HP2;HP;HB;F1;M4;F1M4;2;1;6;53;22666.66667
1044;HP2;HP;HB;F3;M7;F3M7;2;1;6;54;22444.44444
1045;HP2;HP;HB;F1;M8;F1M8;2;1;6;55;19111.11111
1046;HP2;HP;HB;F1;M6;F1M6;2;1;6;56;25111.11111
1047;HP2;HP;HB;F7;M5;F7M5;2;1;6;57;21333.33333
1048;HP2;HP;HB;F10;M8;F10M8;2;1;6;58;18666.66667
1049;HP2;HP;HB;F7;M8;F7M8;2;1;6;59;21111.11111
1050;HP2;HP;C;C;C;M8;2;1;6;60;28444.44444
1051;HP2;HP;HB;F1;M1;F1M1;2;1;7;61;21111.11111
1052;HP2;HP;HB;F9;M6;F9M6;2;1;7;62;18000
1053;HP2;HP;HB;F7;M10;F7M10;2;1;7;63;23777.77778
1054;HP2;HP;HB;F7;M7;F7M7;2;1;7;64;23555.55556
1055;HP2;HP;HB;F1;M3;F1M3;2;1;7;65;22888.88889
1056;HP2;HP;C;C;C;T1;2;1;7;66;26888.88889
1057;HP2;HP;HB;F6;M7;F6M7;2;1;7;67;21777.77778
1058;HP2;HP;HB;F2;M6;F2M6;2;1;7;68;14000
1059;HP2;HP;HB;F8;M6;F8M6;2;1;7;69;20444.44444
1060;HP2;HP;HB;F3;M4;F3M4;2;1;7;70;15555.55556
1061;HP2;HP;HB;F2;M7;F2M7;2;1;8;71;16222.22222
1062;HP2;HP;HB;F10;M4;F10M4;2;1;8;72;17111.11111
1063;HP2;HP;C;C;C;M6;2;1;8;73;16000
1064;HP2;HP;HB;F7;M1;F7M1;2;1;8;74;17777.77778
1065;HP2;HP;HB;F10;M1;F10M1;2;1;8;75;19555.55556
1066;HP2;HP;HB;F10;M7;F10M7;2;1;8;76;22666.66667
1067;HP2;HP;HB;F9;M2;F9M2;2;1;8;77;22000
1068;HP2;HP;HB;F9;M7;F9M7;2;1;8;78;26000
1069;HP2;HP;HB;F7;M4;F7M4;2;1;8;79;24666.66667
1070;HP2;HP;HB;F6;M4;F6M4;2;1;8;80;20888.88889
1071;HP2;HP;HB;F4;M2;F4M2;2;1;9;81;22444.44444
1072;HP2;HP;HB;F2;M2;F2M2;2;1;9;82;12444.44444
1073;HP2;HP;C;C;C;T2;2;1;9;83;6888.888889
1074;HP2;HP;C;C;C;T4;2;1;9;84;26666.66667
1075;HP2;HP;C;C;C;F7;2;1;9;85;23333.33333
1076;HP2;HP;HB;F6;M5;F6M5;2;1;9;86;19111.11111
1077;HP2;HP;HB;F8;M1;F8M1;2;1;9;87;20444.44444
1078;HP2;HP;HB;F1;M2;F1M2;2;1;9;88;21777.77778
1079;HP2;HP;HB;F4;M4;F4M4;2;1;9;89;19777.77778
1080;HP2;HP;C;C;C;F1;2;1;9;90;21333.33333
1081;HP2;HP;HB;F10;M2;F10M2;2;1;10;91;21555.55556
1082;HP2;HP;HB;F8;M5;F8M5;2;1;10;92;15777.77778
1083;HP2;HP;C;C;C;F2;2;1;10;93;10222.22222
1084;HP2;HP;HB;F6;M2;F6M2;2;1;10;94;26444.44444
1085;HP2;HP;HB;F2;M8;F2M8;2;1;10;95;14888.88889
1086;HP2;HP;HB;F9;M5;F9M5;2;1;10;96;12222.22222
1087;HP2;HP;HB;F4;M8;F4M8;2;1;10;97;21111.11111
1088;HP2;HP;HB;F8;M3;F8M3;2;1;10;98;16888.88889
1089;HP2;HP;HB;F2;M4;F2M4;2;1;10;99;16444.44444
1090;HP2;HP;C;C;C;F3;2;1;10;100;10000
1091;HP2;HP;C;C;C;M3;2;1;11;101;22666.66667
1092;HP2;HP;HB;F1;M10;F1M10;2;1;11;102;19555.55556
1093;HP2;HP;HB;F5;M4;F5M4;2;1;11;103;20666.66667
1094;HP2;HP;C;C;C;M7;2;1;11;104;28666.66667
1095;HP2;HP;HB;F2;M3;F2M3;2;1;11;105;19777.77778
1096;HP2;HP;HB;F9;M8;F9M8;2;1;11;106;22444.44444
1097;HP2;HP;HB;F5;M10;F5M10;2;1;11;107;23555.55556
1098;HP2;HP;HB;F5;M2;F5M2;2;1;11;108;25111.11111
1099;HP2;HP;C;C;C;F5;2;1;11;109;31555.55556
1100;HP2;HP;HB;F3;M2;F3M2;2;1;11;110;18444.44444
1101;HP2;HP;HB;F8;M4;F8M4;2;2;1;111;20000
1102;HP2;HP;HB;F5;M5;F5M5;2;2;1;112;14222.22222
1103;HP2;HP;C;C;C;T2;2;2;1;113;10000
1104;HP2;HP;HB;F9;M2;F9M2;2;2;1;114;19111.11111
1105;HP2;HP;HB;F5;M7;F5M7;2;2;1;115;26888.88889
1106;HP2;HP;HB;F8;M8;F8M8;2;2;1;116;21777.77778
1107;HP2;HP;HB;F6;M2;F6M2;2;2;1;117;25333.33333
1108;HP2;HP;HB;F6;M6;F6M6;2;2;1;118;21111.11111
1109;HP2;HP;HB;F5;M4;F5M4;2;2;1;119;27333.33333
1110;HP2;HP;HB;F2;M6;F2M6;2;2;1;120;15777.77778
1111;HP2;HP;HB;F5;M2;F5M2;2;2;2;121;28222.22222
1112;HP2;HP;HB;F1;M8;F1M8;2;2;2;122;19333.33333
1113;HP2;HP;C;C;C;F8;2;2;2;123;16888.88889
1114;HP2;HP;HB;F8;M1;F8M1;2;2;2;124;21111.11111
1115;HP2;HP;HB;F4;M5;F4M5;2;2;2;125;14666.66667
1116;HP2;HP;HB;F5;M3;F5M3;2;2;2;126;27333.33333
1117;HP2;HP;HB;F1;M3;F1M3;2;2;2;127;20444.44444
1118;HP2;HP;C;C;C;M6;2;2;2;128;19333.33333
1119;HP2;HP;HB;F9;M3;F9M3;2;2;2;129;23555.55556
1120;HP2;HP;HB;F3;M5;F3M5;2;2;2;130;14888.88889
1121;HP2;HP;HB;F7;M4;F7M4;2;2;3;131;21111.11111
1122;HP2;HP;HB;F9;M10;F9M10;2;2;3;132;22444.44444
1123;HP2;HP;HB;F1;M2;F1M2;2;2;3;133;22666.66667
1124;HP2;HP;HB;F2;M3;F2M3;2;2;3;134;15111.11111
1125;HP2;HP;HB;F5;M1;F5M1;2;2;3;135;22222.22222
1126;HP2;HP;HB;F8;M10;F8M10;2;2;3;136;29555.55556
1127;HP2;HP;HB;F9;M1;F9M1;2;2;3;137;17777.77778
1128;HP2;HP;HB;F2;M4;F2M4;2;2;3;138;18000
1129;HP2;HP;HB;F4;M10;F4M10;2;2;3;139;19777.77778
1130;HP2;HP;HB;F1;M1;F1M1;2;2;3;140;23777.77778
1131;HP2;HP;C;C;C;F10;2;2;4;141;23111.11111
1132;HP2;HP;HB;F8;M7;F8M7;2;2;4;142;22444.44444
1133;HP2;HP;HB;F10;M2;F10M2;2;2;4;143;21333.33333
1134;HP2;HP;HB;F9;M7;F9M7;2;2;4;144;22222.22222
1135;HP2;HP;C;C;C;F6;2;2;4;145;19333.33333
1136;HP2;HP;C;C;C;M3;2;2;4;146;21777.77778
1137;HP2;HP;HB;F7;M10;F7M10;2;2;4;147;20444.44444
1138;HP2;HP;HB;F2;M9;F2M9;2;2;4;148;12222.22222
1139;HP2;HP;HB;F10;M10;F10M10;2;2;4;149;22444.44444
1140;HP2;HP;HB;F7;M5;F7M5;2;2;4;150;14000
1141;HP2;HP;HB;F7;M3;F7M3;2;2;5;151;24222.22222
1142;HP2;HP;HB;F10;M1;F10M1;2;2;5;152;20222.22222
1143;HP2;HP;HB;F7;M2;F7M2;2;2;5;153;18888.88889
1144;HP2;HP;HB;F1;M4;F1M4;2;2;5;154;24888.88889
1145;HP2;HP;C;C;C;F5;2;2;5;155;26666.66667
1146;HP2;HP;HB;F9;M4;F9M4;2;2;5;156;24666.66667
1147;HP2;HP;HB;F8;M6;F8M6;2;2;5;157;31111.11111
1148;HP2;HP;HB;F6;M5;F6M5;2;2;5;158;16000
1149;HP2;HP;C;C;C;F2;2;2;5;159;14888.88889
1150;HP2;HP;HB;F5;M6;F5M6;2;2;5;160;20888.88889
1151;HP2;HP;C;C;C;T1;2;2;6;161;30444.44444
1152;HP2;HP;C;C;C;F7;2;2;6;162;23333.33333
1153;HP2;HP;C;C;C;M7;2;2;6;163;30888.88889
1154;HP2;HP;HB;F2;M5;F2M5;2;2;6;164;12000
1155;HP2;HP;HB;F7;M1;F7M1;2;2;6;165;23111.11111
1156;HP2;HP;HB;F6;M3;F6M3;2;2;6;166;28444.44444
1157;HP2;HP;HB;F4;M8;F4M8;2;2;6;167;21111.11111
1158;HP2;HP;HB;F6;M8;F6M8;2;2;6;168;19777.77778
1159;HP2;HP;HB;F10;M8;F10M8;2;2;6;169;23333.33333
1160;HP2;HP;HB;F10;M5;F10M5;2;2;6;170;14222.22222
1161;HP2;HP;HB;F9;M8;F9M8;2;2;7;171;23333.33333
1162;HP2;HP;HB;F5;M8;F5M8;2;2;7;172;21333.33333
1163;HP2;HP;HB;F3;M3;F3M3;2;2;7;173;16222.22222
1164;HP2;HP;C;C;C;F4;2;2;7;174;19777.77778
1165;HP2;HP;C;C;C;M9;2;2;7;175;23555.55556
1166;HP2;HP;HB;F9;M5;F9M5;2;2;7;176;20000
1167;HP2;HP;HB;F1;M7;F1M7;2;2;7;177;26666.66667
1168;HP2;HP;C;C;C;M2;2;2;7;178;26222.22222
1169;HP2;HP;HB;F6;M4;F6M4;2;2;7;179;27333.33333
1170;HP2;HP;HB;F4;M2;F4M2;2;2;7;180;25555.55556
1171;HP2;HP;HB;F1;M10;F1M10;2;2;8;181;26444.44444
1172;HP2;HP;C;C;C;M1;2;2;8;182;15555.55556
1173;HP2;HP;HB;F4;M4;F4M4;2;2;8;183;23111.11111
1174;HP2;HP;HB;F1;M5;F1M5;2;2;8;184;27111.11111
1175;HP2;HP;HB;F8;M5;F8M5;2;2;8;185;20222.22222
1176;HP2;HP;HB;F1;M6;F1M6;2;2;8;186;20444.44444
1177;HP2;HP;HB;F8;M2;F8M2;2;2;8;187;26000
1178;HP2;HP;C;C;C;M5;2;2;8;188;11333.33333
1179;HP2;HP;HB;F10;M4;F10M4;2;2;8;189;23777.77778
1180;HP2;HP;HB;F3;M4;F3M4;2;2;8;190;15777.77778
1181;HP2;HP;HB;F10;M3;F10M3;2;2;9;191;16666.66667
1182;HP2;HP;C;C;C;F1;2;2;9;192;21777.77778
1183;HP2;HP;HB;F2;M8;F2M8;2;2;9;193;20000
1184;HP2;HP;HB;F7;M8;F7M8;2;2;9;194;19333.33333
1185;HP2;HP;HB;F10;M6;F10M6;2;2;9;195;22444.44444
1186;HP2;HP;HB;F4;M6;F4M6;2;2;9;196;23333.33333
1187;HP2;HP;HB;F3;M6;F3M6;2;2;9;197;18444.44444
1188;HP2;HP;HB;F6;M1;F6M1;2;2;9;198;23333.33333
1189;HP2;HP;HB;F7;M7;F7M7;2;2;9;199;21111.11111
1190;HP2;HP;HB;F5;M10;F5M10;2;2;9;200;26888.88889
1191;HP2;HP;HB;F4;M7;F4M7;2;2;10;201;22444.44444
1192;HP2;HP;HB;F9;M6;F9M6;2;2;10;202;20888.88889
1193;HP2;HP;HB;F2;M2;F2M2;2;2;10;203;21333.33333
1194;HP2;HP;C;C;C;F9;2;2;10;204;22222.22222
1195;HP2;HP;HB;F7;M6;F7M6;2;2;10;205;24444.44444
1196;HP2;HP;C;C;C;F3;2;2;10;206;14666.66667
1197;HP2;HP;HB;F3;M9;F3M9;2;2;10;207;14666.66667
1198;HP2;HP;HB;F2;M7;F2M7;2;2;10;208;16444.44444
1199;HP2;HP;C;C;C;M10;2;2;10;209;29333.33333
1200;HP2;HP;C;C;C;M8;2;2;10;210;32000
1201;HP2;HP;HB;F4;M3;F4M3;2;2;11;211;16666.66667
1202;HP2;HP;HB;F8;M3;F8M3;2;2;11;212;26888.88889
1203;HP2;HP;C;C;C;T3;2;2;11;213;15555.55556
1204;HP2;HP;HB;F10;M7;F10M7;2;2;11;214;24222.22222
1205;HP2;HP;HB;F3;M7;F3M7;2;2;11;215;20000
1206;HP2;HP;HB;F6;M7;F6M7;2;2;11;216;24000
1207;HP2;HP;HB;F5;M9;F5M9;2;2;11;217;26000
1208;HP2;HP;C;C;C;T4;2;2;11;218;27555.55556
1209;HP2;HP;C;C;C;M4;2;2;11;219;34666.66667
1210;HP2;HP;HB;F3;M2;F3M2;2;2;11;220;20444.44444
1211;HP2;HP;HB;F9;M7;F9M7;2;3;1;221;18444.44444
1212;HP2;HP;HB;F8;M2;F8M2;2;3;1;222;22888.88889
1213;HP2;HP;HB;F5;M7;F5M7;2;3;1;223;26222.22222
1214;HP2;HP;HB;F2;M5;F2M5;2;3;1;224;7777.777778
1215;HP2;HP;C;C;C;M4;2;3;1;225;26222.22222
1216;HP2;HP;HB;F9;M8;F9M8;2;3;1;226;20666.66667
1217;HP2;HP;HB;F1;M4;F1M4;2;3;1;227;18444.44444
1218;HP2;HP;HB;F9;M6;F9M6;2;3;1;228;16444.44444
1219;HP2;HP;C;C;C;F1;2;3;1;229;20222.22222
1220;HP2;HP;HB;F5;M1;F5M1;2;3;1;230;22222.22222
1221;HP2;HP;HB;F2;M6;F2M6;2;3;2;231;17333.33333
1222;HP2;HP;HB;F7;M1;F7M1;2;3;2;232;16444.44444
1223;HP2;HP;HB;F5;M2;F5M2;2;3;2;233;19111.11111
1224;HP2;HP;HB;F10;M6;F10M6;2;3;2;234;16444.44444
1225;HP2;HP;HB;F4;M4;F4M4;2;3;2;235;22888.88889
1226;HP2;HP;HB;F4;M7;F4M7;2;3;2;236;18666.66667
1227;HP2;HP;HB;F3;M3;F3M3;2;3;2;237;18222.22222
1228;HP2;HP;HB;F4;M10;F4M10;2;3;2;238;19111.11111
1229;HP2;HP;HB;F10;M2;F10M2;2;3;2;239;20888.88889
1230;HP2;HP;HB;F7;M3;F7M3;2;3;2;240;18666.66667
1231;HP2;HP;C;C;C;F9;2;3;3;241;20888.88889
1232;HP2;HP;HB;F2;M8;F2M8;2;3;3;242;14444.44444
1233;HP2;HP;HB;F3;M2;F3M2;2;3;3;243;13333.33333
1234;HP2;HP;C;C;C;M6;2;3;3;244;15555.55556
1235;HP2;HP;HB;F4;M2;F4M2;2;3;3;245;20000
1236;HP2;HP;HB;F5;M6;F5M6;2;3;3;246;22888.88889
1237;HP2;HP;HB;F6;M8;F6M8;2;3;3;247;17777.77778
1238;HP2;HP;HB;F1;M6;F1M6;2;3;3;248;18222.22222
1239;HP2;HP;HB;F8;M4;F8M4;2;3;3;249;20222.22222
1240;HP2;HP;HB;F7;M10;F7M10;2;3;3;250;24000
1241;HP2;HP;HB;F3;M5;F3M5;2;3;4;251;26888.88889
1242;HP2;HP;HB;F2;M2;F2M2;2;3;4;252;18888.88889
1243;HP2;HP;HB;F1;M10;F1M10;2;3;4;253;20222.22222
1244;HP2;HP;HB;F10;M5;F10M5;2;3;4;254;24222.22222
1245;HP2;HP;HB;F7;M5;F7M5;2;3;4;255;22888.88889
1246;HP2;HP;HB;F8;M10;F8M10;2;3;4;256;14222.22222
1247;HP2;HP;HB;F8;M3;F8M3;2;3;4;257;15555.55556
1248;HP2;HP;HB;F8;M6;F8M6;2;3;4;258;22444.44444
1249;HP2;HP;HB;F8;M8;F8M8;2;3;4;259;16444.44444
1250;HP2;HP;C;C;C;M2;2;3;4;260;14222.22222
1251;HP2;HP;HB;F6;M5;F6M5;2;3;5;261;20666.66667
1252;HP2;HP;HB;F5;M4;F5M4;2;3;5;262;18666.66667
1253;HP2;HP;C;C;C;M8;2;3;5;263;21555.55556
1254;HP2;HP;HB;F3;M6;F3M6;2;3;5;264;22000
1255;HP2;HP;HB;F4;M8;F4M8;2;3;5;265;26222.22222
1256;HP2;HP;HB;F10;M7;F10M7;2;3;5;266;18666.66667
1257;HP2;HP;C;C;C;F4;2;3;5;267;17777.77778
1258;HP2;HP;HB;F1;M1;F1M1;2;3;5;268;22666.66667
1259;HP2;HP;C;C;C;F6;2;3;5;269;23555.55556
1260;HP2;HP;C;C;C;F8;2;3;5;270;12222.22222
1261;HP2;HP;C;C;C;M10;2;3;6;271;16000
1262;HP2;HP;C;C;C;F5;2;3;6;272;10222.22222
1263;HP2;HP;HB;F9;M5;F9M5;2;3;6;273;19333.33333
1264;HP2;HP;C;C;C;F10;2;3;6;274;23333.33333
1265;HP2;HP;HB;F7;M4;F7M4;2;3;6;275;20000
1266;HP2;HP;HB;F7;M7;F7M7;2;3;6;276;21111.11111
1267;HP2;HP;HB;F5;M9;F5M9;2;3;6;277;14666.66667
1268;HP2;HP;C;C;C;F7;2;3;6;278;22222.22222
1269;HP2;HP;HB;F4;M5;F4M5;2;3;6;279;30888.88889
1270;HP2;HP;C;C;C;M5;2;3;6;280;NA
1271;HP2;HP;C;C;C;M9;2;3;7;281;22666.66667
1272;HP2;HP;C;C;C;T4;2;3;7;282;24000
1273;HP2;HP;C;C;C;F3;2;3;7;283;24444.44444
1274;HP2;HP;HB;F7;M2;F7M2;2;3;7;284;16666.66667
1275;HP2;HP;HB;F7;M8;F7M8;2;3;7;285;31333.33333
1276;HP2;HP;HB;F1;M5;F1M5;2;3;7;286;20000
1277;HP2;HP;HB;F2;M9;F2M9;2;3;7;287;23777.77778
1278;HP2;HP;HB;F2;M3;F2M3;2;3;7;288;12666.66667
1279;HP2;HP;HB;F9;M2;F9M2;2;3;7;289;32000
1280;HP2;HP;HB;F1;M3;F1M3;2;3;7;290;21111.11111
1281;HP2;HP;HB;F7;M6;F7M6;2;3;8;291;28888.88889
1282;HP2;HP;HB;F9;M4;F9M4;2;3;8;292;21555.55556
1283;HP2;HP;HB;F6;M4;F6M4;2;3;8;293;26000
1284;HP2;HP;HB;F10;M3;F10M3;2;3;8;294;20666.66667
1285;HP2;HP;HB;F8;M5;F8M5;2;3;8;295;22444.44444
1286;HP2;HP;HB;F6;M7;F6M7;2;3;8;296;19111.11111
1287;HP2;HP;HB;F9;M1;F9M1;2;3;8;297;21333.33333
1288;HP2;HP;C;C;C;M7;2;3;8;298;23555.55556
1289;HP2;HP;HB;F6;M6;F6M6;2;3;8;299;19333.33333
1290;HP2;HP;HB;F5;M3;F5M3;2;3;8;300;21333.33333
1291;HP2;HP;HB;F5;M10;F5M10;2;3;9;301;28222.22222
1292;HP2;HP;HB;F9;M10;F9M10;2;3;9;302;11111.11111
1293;HP2;HP;HB;F9;M3;F9M3;2;3;9;303;15111.11111
1294;HP2;HP;C;C;C;T2;2;3;9;304;15333.33333
1295;HP2;HP;C;C;C;M1;2;3;9;305;12666.66667
1296;HP2;HP;C;C;C;F2;2;3;9;306;11777.77778
1297;HP2;HP;HB;F10;M8;F10M8;2;3;9;307;10444.44444
1298;HP2;HP;C;C;C;T3;2;3;9;308;16444.44444
1299;HP2;HP;HB;F2;M7;F2M7;2;3;9;309;24000
1300;HP2;HP;HB;F10;M10;F10M10;2;3;9;310;22444.44444
1301;HP2;HP;HB;F1;M8;F1M8;2;3;10;311;18444.44444
1302;HP2;HP;HB;F4;M6;F4M6;2;3;10;312;19111.11111
1303;HP2;HP;HB;F3;M4;F3M4;2;3;10;313;22666.66667
1304;HP2;HP;HB;F8;M7;F8M7;2;3;10;314;22222.22222
1305;HP2;HP;HB;F10;M1;F10M1;2;3;10;315;19777.77778
1306;HP2;HP;HB;F4;M3;F4M3;2;3;10;316;17111.11111
1307;HP2;HP;HB;F1;M2;F1M2;2;3;10;317;21111.11111
1308;HP2;HP;HB;F6;M2;F6M2;2;3;10;318;17777.77778
1309;HP2;HP;HB;F6;M3;F6M3;2;3;10;319;15333.33333
1310;HP2;HP;HB;F5;M8;F5M8;2;3;10;320;20222.22222
1311;HP2;HP;HB;F5;M5;F5M5;2;3;11;321;17555.55556
1312;HP2;HP;HB;F2;M4;F2M4;2;3;11;322;27333.33333
1313;HP2;HP;HB;F6;M1;F6M1;2;3;11;323;13777.77778
1314;HP2;HP;HB;F8;M1;F8M1;2;3;11;324;23111.11111
1315;HP2;HP;HB;F3;M9;F3M9;2;3;11;325;21777.77778
1316;HP2;HP;HB;F10;M4;F10M4;2;3;11;326;14000
1317;HP2;HP;C;C;C;M3;2;3;11;327;18222.22222
1318;HP2;HP;HB;F3;M7;F3M7;2;3;11;328;17333.33333
1319;HP2;HP;C;C;C;T1;2;3;11;329;13777.77778
1320;HP2;HP;HB;F1;M7;F1M7;2;3;11;330;13777.77778
